video_id,lane,detection_confidence,eff_acceleration_variance,eff_com_stability_index,eff_lateral_movement_ratio,eff_movement_smoothness,eff_path_straightness,eff_vertical_progress_rate,extraction_quality,freq_foot_frequency_hz,freq_foot_movement_amplitude,freq_hand_frequency_hz,freq_hand_movement_amplitude,freq_limb_sync_ratio,freq_movement_regularity,post_avg_body_lean,post_avg_elbow_angle,post_avg_knee_angle,post_avg_reach_ratio,post_body_lean_std,post_elbow_angle_std,post_hip_width_ratio,post_knee_angle_std,post_max_reach_ratio,skill_score,cluster_kmeans,cluster_gmm,cluster_dbscan,cluster_hierarchical,cluster_kmeans_rank,cluster_kmeans_label,cluster_gmm_rank,cluster_gmm_label,cluster_hierarchical_rank,cluster_hierarchical_label
Speed_finals_Chamonix_2024_race001_poses,left,0.993006993006993,0.0838710813194488,0.000319144480038,1.2098870226912106,0.0503955375383839,0.1511865492237711,0.0001794320177024,0.9092118298368298,0.6338028169014085,0.037419704805069,1.4634146341463417,0.0490275160315868,0.4005510100363575,0.3469786219308509,-0.1496528635468629,129.94841808072206,118.42503797017628,0.7273465675836013,7.193957473345371,58.36543010679881,0.6410062558834774,62.92200067409191,1.9002813421075464,-0.2849270461506226,1,1,0,0,1,advanced,1,level_2,1,advanced
Speed_finals_Chamonix_2024_race001_poses,right,0.9370629370629372,0.067254947511241,0.000377731729331,0.762792279761235,0.0577892347878058,0.19511199143372,0.000280759450215,0.8955314685314686,0.6716417910447762,0.048409221208233,1.5254237288135593,0.0325558688885474,0.4018555752423981,0.3139397391587613,-3.398399336162731,123.5448485416055,133.93045889182045,0.6501755149109272,2.646806454145405,57.96817977047958,0.6118250438589747,55.73307228722298,1.184043117603908,-0.26400386988040186,1,1,0,0,1,advanced,1,level_2,1,advanced
Speed_finals_Chamonix_2024_race002_poses,left,0.9935897435897436,0.1055941512452405,0.0002167398926906,0.1955739290459339,0.0555187129929583,0.2180451987844296,0.0011977944404456,0.94497766449957,0.5732484076433121,0.0399966794268704,0.6293706293706294,0.0679437127483505,0.7103053650431777,0.5314864653028315,-2.317252789172794,115.00618680025497,111.9780980198472,0.6221258981043883,3.65474660950929,59.8032220481493,0.6062005649529097,64.04705538681034,1.1497465398806244,0.14859546617511432,1,1,0,0,1,advanced,1,level_2,1,advanced
Speed_finals_Chamonix_2024_race002_poses,right,1.0,0.1055201850043859,0.0002298507053642,0.189664008918741,0.0522393269139785,0.2182983898800824,0.0010435808089471,0.938341275400816,0.5806451612903225,0.0447939048015572,0.5217391304347826,0.0551256067797597,0.8003204816107633,0.5205032152383804,-5.308391349379545,95.15760874659172,134.12702386229037,0.5440308081835625,3.526377237205708,60.2961743936671,0.5957215426473235,54.95275882887273,1.1962801502499552,0.2885147792828883,1,1,0,0,1,advanced,1,level_2,1,advanced
Speed_finals_Chamonix_2024_race003_poses,left,1.0,0.0933410404296208,0.0002925747383524,0.2763477830353785,0.0550861235057085,0.29236056029275,0.0010080311346698,0.9385746084746962,0.6081081081081081,0.023745893249462,1.4634146341463417,0.0539019832710161,0.417792680758813,0.3906546955865219,-0.6605270620694637,106.4637980680954,125.36236108420536,0.5585811439797477,4.108077118945968,61.1763336411757,0.6068628964232843,59.83664334508365,1.2717143463532614,-0.41156585289866604,1,1,0,0,1,advanced,1,level_2,1,advanced
Speed_finals_Chamonix_2024_race003_poses,right,1.0,0.1334403733046806,0.0003177958502444,4.606866504384287,0.0510254358181631,0.2355279865763264,7.054120480657338e-05,0.9524852695314382,0.718562874251497,0.0345604845417492,0.6716417910447762,0.0615836160643901,0.5668879419861229,0.4638062243475657,-2.8795952067561856,124.24676938278328,130.36419635038817,0.6045248430307465,3.393856922929741,56.29367777379896,0.6118621059118899,58.37534604490283,1.1758426518283722,0.05172764499022186,1,1,0,0,1,advanced,1,level_2,1,advanced
Speed_finals_Chamonix_2024_race004_poses,left,0.9828767123287672,0.0650232936314293,0.0002340490330116,0.7736717896729317,0.0598686651844443,0.0922643622197404,-0.0003194006388647,0.8941139112574078,0.5263157894736842,0.0511349772229962,0.9574468085106383,0.1008284719654326,0.7726533927649301,0.5121528869530693,-4.074319912019187,100.53666011315794,148.11761585913163,0.5377509646158175,12.409655379500991,53.85837274169509,0.5794786928310575,39.24981915699056,1.0334391583975149,0.6256852418955952,1,2,0,0,1,advanced,2,level_3,1,advanced
Speed_finals_Chamonix_2024_race004_poses,right,1.0,0.0981455331571577,0.0003081357661126,38.78709662910613,0.0506218118023243,0.2580257997592134,-8.604544050553267e-06,0.9437173161383464,0.6617647058823529,0.0295098456800866,0.9917355371900828,0.0608755661282384,0.3192086220096579,0.4217403800163406,-3.4061943113595627,123.91702026317556,120.61279199805014,0.6325649782966468,3.6704412290915793,55.6399871442578,0.6060194151420848,61.74513895989917,1.156875677852993,-0.2869291943283441,1,1,0,0,1,advanced,1,level_2,1,advanced
Speed_finals_Chamonix_2024_race005_poses,left,0.98932384341637,0.0229022378494047,0.000209183609837,0.4697266953682548,0.0475195826338759,0.2188219983217517,0.0007370340310974,0.9422095206121952,1.7880794701986755,0.0626852972285554,0.6976744186046512,0.0682016845673485,0.3813532130647912,0.4090973499721807,11.35890630735358,114.3241450086612,131.25750925837193,0.5186950650504437,41.48444152605027,56.31256584496674,0.5818854689071324,54.2694193761451,0.9994543392496242,-0.5142909503698493,1,2,-1,0,1,advanced,2,level_3,1,advanced
Speed_finals_Chamonix_2024_race005_poses,right,0.9750889679715302,0.0914853054313718,0.0002978978027114,10.32444789931253,0.0519612426164781,0.2325372154974588,3.184125437374004e-05,0.9384386718441,1.2280701754385963,0.0450134605803142,1.381578947368421,0.0652405685406446,0.7855578930616269,0.4510673037463621,-2.092415520437827,102.45844769536797,114.12294614603928,0.5276631709511248,4.082162893516238,59.92803412258205,0.5965411513762716,64.95825576856299,1.2466188662608924,-0.06825533951398315,1,1,-1,0,1,advanced,1,level_2,1,advanced
Speed_finals_Chamonix_2024_race006_poses,left,0.9647435897435898,0.0931751638948179,0.000248836049479,0.312495101000822,0.0556627230701367,0.2035747175905495,0.0008542162098296,0.9323298995750848,0.6164383561643836,0.0315297794510846,1.3846153846153846,0.0588561160674893,0.5285412172995091,0.4754700505949816,-3.10492026113949,104.2779892980368,131.9554737999896,0.5245502382611432,3.843739973903205,59.22466737016528,0.6041726967090351,56.05190156016217,1.3346463025924329,-0.09439426449567317,1,1,0,0,1,advanced,1,level_2,1,advanced
Speed_finals_Chamonix_2024_race006_poses,right,1.0,0.1011632355405294,0.0002813949359575,0.3583540575392131,0.0560583614153256,0.3807834464945051,0.0009976518850256,0.9479067701242057,1.5328467153284673,0.0452745268206753,1.1320754716981132,0.0477134465946218,0.4364398957221637,0.2095639805744141,-3.0793434559158777,108.32223172244808,132.48211820691532,0.5593651061104201,3.9621086905486815,58.94932668845252,0.563398171854393,53.78229610835989,1.2658692417404815,-0.517915318474682,1,1,-1,0,1,advanced,1,level_2,1,advanced
Speed_finals_Chamonix_2024_race007_poses,left,1.0,0.0531191887459014,0.0002772596555943,0.1554105487580618,0.0552309745158965,0.2494237459895431,0.0011789010216792,0.9323575557998168,0.5555555555555556,0.0599809052783909,0.6164383561643836,0.0710562135847389,0.8093486673866649,0.4949325086113286,-2.176404376394708,116.70429844501729,129.56922116852314,0.5352848977814221,4.576917721796361,58.03442394934386,0.606037384406905,55.403739200713176,1.0607018122454028,0.26898538576376047,1,1,0,0,1,advanced,1,level_2,1,advanced
Speed_finals_Chamonix_2024_race007_poses,right,0.9927007299270072,0.0924891462979774,0.000266462136447,0.354564011169908,0.0508347704359768,0.2572414620900853,-0.000734842216908,0.9359870030321994,1.218274111675127,0.0521859065950987,0.5232558139534884,0.0744604746906387,0.716938865909749,0.5258820452869831,-2.888448089436853,118.6126831908452,120.412904493733,0.5505090872397468,3.1830974355712183,51.43335702276206,0.5834911110322871,61.53490244079767,1.241501676020098,0.2517106915201202,1,1,0,0,1,advanced,1,level_2,1,advanced
Speed_finals_Chamonix_2024_race008_poses,left,0.9776951672862454,0.0367781047856004,8.337622351734542e-05,0.2237711277906646,0.0436713662667205,0.1329673935470296,0.0011152285768325,0.9453230889260572,0.5421686746987951,0.1188907276510406,0.5421686746987951,0.1183120677562752,0.5740936869389413,0.474795401459064,40.3922877931749,134.03904366659182,108.30908495224884,0.8758881461590875,136.28438687981426,55.52711611965716,0.6264486323231514,60.74321719432088,2.7459776708644354,-0.42502939975322773,0,3,-1,1,0,beginner,0,level_1,0,beginner
Speed_finals_Chamonix_2024_race008_poses,right,1.0,0.0897355604718483,0.0002214450403909,0.4670939294046487,0.0523346672347539,0.2155470118047192,-0.000698897779358,0.9508383761429176,0.5590062111801243,0.0404871357089855,1.048951048951049,0.0662113571799284,0.7635070870352288,0.4571935202243506,-3.5019535342050343,112.017423156326,123.78701243063033,0.5496612149382659,5.012992991495922,58.49522124996261,0.6160780079942068,60.53284360615559,1.2661512197008578,0.06407376470483504,1,1,0,0,1,advanced,1,level_2,1,advanced
Speed_finals_Chamonix_2024_race009_poses,left,0.9014598540145984,0.0622309311265664,0.0002025956558155,0.2163241315642116,0.0559214122140259,0.140817443786561,0.0009415857045047,0.907868306997894,0.5421686746987951,0.0467207447209938,0.5555555555555556,0.101519377573649,0.7312897210350278,0.3796941052522264,0.2673158014960719,113.30571962911934,137.0481448741288,0.5345643350270551,5.07593846088697,57.45026306164526,0.6033913927345055,52.13554335742186,1.1615625437637005,0.07673722655389288,1,1,0,0,1,advanced,1,level_2,1,advanced
Speed_finals_Chamonix_2024_race009_poses,right,0.9927007299270072,0.0838807560507376,0.0002112483420512,0.3265065622331324,0.0564105382821924,0.1872415148418256,0.0009210705757141,0.9427283080109536,0.5421686746987951,0.0823161086530837,0.5825242718446603,0.1109893700746892,0.743992146922401,0.5404907172280671,-0.2301858959915813,104.56446499619402,142.94766549048902,0.5014400349543997,3.931030115309224,63.80649078646167,0.5981905673451814,48.92678431241566,1.224433742186274,0.25899966185586637,1,1,0,0,1,advanced,1,level_2,1,advanced
Speed_finals_Chamonix_2024_race010_poses,left,0.9947643979057592,0.0645764384374621,0.000220687334893,0.2405677427964093,0.0568335549258649,0.1958152714752761,0.0010997562639174,0.951347188244148,0.5806451612903225,0.093400601467099,0.8181818181818183,0.1155543771839747,0.6230673232844158,0.4996236546874263,-0.0813247094086909,128.80166821785485,127.60132012354325,0.5143970740590357,4.1162279568359255,54.68243624043674,0.5761165893179028,61.655878579996994,1.2733059043636004,-0.008081005235375157,1,1,0,0,1,advanced,1,level_2,1,advanced
Speed_finals_Chamonix_2024_race010_poses,right,1.0,0.036955430091054,0.0002423945111165,0.190469462181614,0.0535303193922599,0.283931730495946,0.0013921056167188,0.967052356092343,0.5421686746987951,0.0862633298731278,1.168831168831169,0.0952323801452994,0.65388982440755,0.4817087298816745,-1.1598126268113689,121.89286684272616,138.4029136755796,0.5940460235134569,3.699515552477022,59.43225775600165,0.591999788770673,52.35234907285089,1.2549644778531093,0.21893665046283908,1,1,0,0,1,advanced,1,level_2,1,advanced
Speed_finals_Chamonix_2024_race011_poses,left,0.99581589958159,0.0216296244524466,0.0001181576205631,1.0246030732043174,0.0502534997280108,0.0515997763699425,0.0002445513943591,0.9583061078023404,0.7228915662650602,0.1264875601573733,1.836734693877551,0.0877242789528465,0.5464578266767258,0.4061556634273704,20.117533094400944,122.94756802466708,136.02871459996288,0.585413332565357,55.20639912760575,56.23710237520034,0.5872582197899098,55.214951068181406,1.2573942098675708,-0.3611402773043151,0,3,-1,1,0,beginner,0,level_1,0,beginner
Speed_finals_Chamonix_2024_race011_poses,right,0.8326359832635983,0.0891492634465573,0.0001660901906233,0.5146044927370675,0.0537676162069756,0.1964566199176921,-0.0009540863424898,0.8934013249651325,0.8108108108108107,0.0906230694074304,0.6081081081081081,0.0995671235428102,0.7551648255897657,0.5056319347516585,-2.868607759239828,119.6796542886561,129.0394544989159,0.6136422692070631,3.946460928972544,55.722341488537495,0.6174261381855891,55.716492043305735,1.327683772120926,0.386641170663313,1,1,0,0,1,advanced,1,level_2,1,advanced
Speed_finals_Chamonix_2024_race012_poses,left,0.91869918699187,0.0986453642658331,0.000199343911089,0.0886908697772931,0.0552109245974634,0.3212414064936004,0.0021573103526059,0.9091221574299424,0.6617647058823529,0.0724665323982491,0.5263157894736842,0.0791424544797752,0.4911464753726454,0.3691839018606828,-0.7478339815107732,107.36742657742954,134.54563574693788,0.5347107948501844,4.0148223168084485,61.33152343301889,0.5847926357141255,56.23953363749139,1.1132062663804794,-0.3344375896138747,1,1,0,0,1,advanced,1,level_2,1,advanced
Speed_finals_Chamonix_2024_race012_poses,right,0.951219512195122,0.0901352186242083,0.0001828282993881,0.3729545096723484,0.0539875898520065,0.0861435986493443,0.0005273136174734,0.9006861235571939,0.5633802816901409,0.0846176678576967,0.5263157894736842,0.1133266335269699,0.8153603947097843,0.5158857507354554,-0.7435487584536633,111.76254781575165,141.58959916167672,0.4883906130293247,4.452154696128271,56.9423741328481,0.6124239752477426,49.616571836726585,1.1189632782040386,0.38184146936221314,1,1,0,0,1,advanced,1,level_2,1,advanced
Speed_finals_Chamonix_2024_race013_poses,left,0.9617224880382776,0.0383379092618749,0.0001631973100171,0.2346779408799036,0.0544881364059974,0.0897619345314836,-0.0004354887982694,0.9278787101620702,0.5487804878048781,0.0905348553642653,0.5607476635514019,0.0560689461500661,0.6510414374570292,0.4365388107846824,66.79189637833372,141.85962506116672,136.11948765378276,1.0075146568523998,94.45638777169208,55.47126500239516,0.634088171870294,55.93434793955488,4.856862931090081,0.15696788166812473,0,3,-1,1,0,beginner,0,level_1,0,beginner
Speed_finals_Chamonix_2024_race013_poses,right,0.8516746411483254,0.0682764098233533,0.0003277419822009,0.225868720541416,0.0582237278727666,0.1951216975702662,-0.0006420767746088,0.8618836056550594,0.5521472392638036,0.0372859889121519,1.1764705882352942,0.0571321276590201,0.5626625627693451,0.3594342108507828,1.6746767587453653,104.21113832028564,141.83564299939766,0.5069518648294677,3.9132165859836583,62.02127216677115,0.5768625299050866,44.857927535726624,1.5891229413076124,-0.09379386088866365,1,1,0,0,1,advanced,1,level_2,1,advanced
Speed_finals_Chamonix_2024_race014_poses,left,1.0,0.1189293915773884,0.0002822261608466,0.1419436951307589,0.0522016587929547,0.3181958059844633,0.0013865230616575,0.9500235646712862,0.9316770186335404,0.0294852235918545,0.6451612903225806,0.0645621230017961,0.4507989170233352,0.2021842971686444,0.8392839480605929,104.77288082337012,131.23766310626027,0.5597177003341216,5.458878039907968,60.099097928245165,0.5819708329256841,55.15141337487493,1.5692487184366584,-0.5743369575352675,1,1,0,0,1,advanced,1,level_2,1,advanced
Speed_finals_Chamonix_2024_race014_poses,right,0.9806949806949808,0.0906993677737198,0.0002494888937492,0.1890569604545783,0.0550970254651635,0.2807310569785422,0.0011667147868097,0.9375266311110284,2.711864406779661,0.0432770379356865,0.5555555555555556,0.0709726169636771,0.4256866114085895,0.2843471157282989,3.921324344815226,112.50312345336653,139.18690432640105,0.560837204735056,31.429353348515985,60.16874139260837,0.5801251807511424,52.787128378424434,2.700011437783434,-0.5856540970873183,1,2,-1,0,1,advanced,2,level_3,1,advanced
Speed_finals_Chamonix_2024_race015_poses,left,1.0,0.0556514806142534,0.0002896835052348,0.0876414158866739,0.055572764169493,0.4212342766267289,0.0021083168236606,0.9655306200635284,0.7228915662650602,0.0355244943008941,2.0,0.0635227615642523,0.7039719605274052,0.288651890137041,0.0401522191646611,114.51659225019353,139.78525662471006,0.5114774970980522,3.864073927635224,57.65243596943335,0.6205444500816658,52.04458569950291,1.1776196785464654,-0.1269037191533756,1,1,-1,0,1,advanced,1,level_2,1,advanced
Speed_finals_Chamonix_2024_race015_poses,right,0.9925373134328358,0.0504375319517239,0.0002700865749015,0.2062211168534014,0.0539097647226245,0.4092041843851894,0.0015571946071253,0.9405055830855776,1.0,0.0306136261014743,1.0,0.0537993948424875,0.2652103995087094,0.3485941370926579,0.050712255850247,128.7527732033996,142.9884003473029,0.5841999456949126,5.171417929523247,55.18947721316828,0.6058407118762892,52.9022275522318,1.951540735050352,-0.34917123883999657,1,1,0,0,1,advanced,1,level_2,1,advanced
Speed_finals_Chamonix_2024_race016_poses,left,1.0,0.0796628615259777,0.0002214075789495,0.2588335161116644,0.0517495898948877,0.143922666683372,0.0005985258623611,0.9452530422509876,0.6976744186046512,0.0614839504977857,0.9146341463414632,0.0751588331170093,0.5520310497623723,0.3948930100542239,0.2295347753737522,118.26269056450364,151.5691938617866,0.5975094588768874,3.9422892164854018,60.74383341394866,0.5805222274326566,45.923291354092825,1.282759552192667,0.08713297421845155,1,1,0,0,1,advanced,1,level_2,1,advanced
Speed_finals_Chamonix_2024_race016_poses,right,0.9962406015037594,0.0851127660417032,0.0003154411939492,0.4697223150425585,0.0548288212537654,0.3880822028963733,0.0008987957502112,0.9406289434402788,0.8823529411764706,0.0472801083389569,0.5882352941176471,0.0579098520693433,0.3720971166302653,0.2014420478058699,-3.6346859672237937,120.36848003896137,135.2714686541112,0.5557970250321862,4.693564238502779,57.68911246890278,0.5771091468486581,53.04811765057993,1.138840531549527,-0.5678429431387023,1,1,0,0,1,advanced,1,level_2,1,advanced
Speed_finals_Chamonix_2024_race017_poses,left,1.0,0.1185977148624987,0.0002586599144084,0.4994845836115869,0.0553781975537442,0.1373666065520589,0.0005003523151829,0.952817620542508,0.5660377358490567,0.0488368408282404,0.6338028169014085,0.0765699403115171,0.6879799735327558,0.4306118757710112,-1.1777946723889126,112.38746814914413,121.93675120987344,0.5826909055669012,5.0682794611676725,61.39234749775472,0.6142522928663043,59.25714014821149,1.2604620990824638,-0.03500634618739236,1,1,0,0,1,advanced,1,level_2,1,advanced
Speed_finals_Chamonix_2024_race017_poses,right,1.0,0.0674321788831558,0.0002421667612982,0.7595051297716541,0.0556962003150557,0.1861848210773503,0.0003932014012792,0.9503752155666128,0.5732484076433121,0.0442155631879662,0.6428571428571428,0.0691658152887769,0.7030616481569999,0.5183396300100112,-3.395220345808665,116.86262364278058,115.5458727626923,0.5598385962944937,3.6064429691293127,58.71292611468556,0.6151024666667301,62.425635070827454,1.1358316662939751,0.0828105903463484,1,1,0,0,1,advanced,1,level_2,1,advanced
Speed_finals_Chamonix_2024_race018_poses,left,0.9932885906040269,0.0962159823100424,0.0002320111260275,0.4910595170037139,0.0551930324339627,0.1530932907155394,0.0005442796068059,0.9452591147276136,0.625,0.0491945291804633,1.44,0.0656069896060248,0.3948600571778882,0.4608064527664026,-0.5276744458357236,105.233705158968,122.88242794952062,0.5408077482784228,4.37450985939881,63.37297842162941,0.6107480657415686,60.1830234718807,1.2493136103173823,-0.3964501161898073,1,1,0,0,1,advanced,1,level_2,1,advanced
Speed_finals_Chamonix_2024_race018_poses,right,1.0,0.0908545188172545,0.0002253945505139,0.2623315669533348,0.0508369234753478,0.1560470534453152,-0.0006765628076461,0.9362886371352076,0.5421686746987951,0.0404041515025727,0.986842105263158,0.0738718270686905,0.7054243089667165,0.4798309731124096,-0.9584098490608344,108.065290170458,140.7231808357443,0.5316224834738488,3.786127267910193,57.22126318029709,0.5883592070240339,54.744943398544734,1.2378168278100297,0.16741285426867322,1,1,0,0,1,advanced,1,level_2,1,advanced
Speed_finals_Chamonix_2024_race019_poses,left,0.990228013029316,0.1344169263412453,0.0001115097349555,0.2059042207589655,0.058572982605782,0.3400094583777582,-0.0025561946569029,0.8977683020578882,0.6185567010309279,0.0613685801370783,0.625,0.1021416554459032,0.6791953139585206,0.6304359253290135,-14.067752606434746,110.88176827654516,127.893578337407,0.6759901766610553,13.68018291763771,52.15833513563324,0.5519546374039994,44.26875576418015,1.1400132196742372,0.8446286792737894,1,2,-1,0,1,advanced,2,level_3,1,advanced
Speed_finals_Chamonix_2024_race019_poses,right,0.9641693811074918,0.011993980145388,0.0001587402332249,0.2819356926865111,0.0505375689868674,0.1251992232751981,0.0005983424833021,0.9274959856044734,0.5421686746987951,0.0585383642830961,0.8955223880597015,0.0713269794453529,0.7159750379166101,0.3684242041868591,-4.105126556609174,101.23259627279168,136.58170154970492,0.5368297184575219,14.273873133823164,55.36071528821868,0.5647108198131119,52.92587227356377,1.3239137336385554,0.008624572107772122,1,2,0,0,1,advanced,2,level_3,1,advanced
Speed_finals_Chamonix_2024_race020_poses,left,0.9793103448275862,0.0585687408058619,0.0001207051381186,0.1418950531455596,0.0616419044186452,0.2174681208541161,0.0014974198690274,0.877391753954087,0.7317073170731707,0.0579224294621544,1.4634146341463414,0.0230120257452027,0.5647969113660288,0.4652006202334072,6.3640506805888855,98.35611411280722,112.20158768655438,0.6513555013837435,10.032721820067747,43.03628556334373,0.6186538845831856,41.210284600379154,2.200293460148494,0.6799724912528767,1,2,-1,0,1,advanced,2,level_3,1,advanced
Speed_finals_Chamonix_2024_race020_poses,right,0.9827586206896552,0.0644000203014278,0.0002623624545736,0.3784103359540406,0.0493265239876773,0.1483526922934868,0.0005959182618612,0.9304124333649088,0.5660377358490567,0.0366553326572566,0.6428571428571428,0.0521252822383713,0.5253846139801067,0.3496925422436953,-3.1524311943970798,124.50264518899276,113.34843893102074,0.6203439428251704,4.570648302242661,57.451830828769744,0.5994883861750288,63.9796024961302,1.187350666841286,-0.2985191134180239,1,1,0,0,1,advanced,1,level_2,1,advanced
Speed_finals_Chamonix_2024_race021_poses,left,0.8615384615384616,0.1130393571208532,0.0002072764302778,0.3189581790302816,0.0571796752939559,0.1572075937872011,-0.0008675231631979,0.8666722806468283,0.5421686746987951,0.077196224741558,0.5607476635514019,0.0668275037782702,0.6305112487290748,0.2543352202063201,-1.1877235543380236,120.8534318803626,135.2038809888839,0.5797247984598588,3.5061313675474,57.18466231615159,0.6271083697363786,52.549393712265406,1.139743527443228,-0.15681924326532734,1,1,0,0,1,advanced,1,level_2,1,advanced
Speed_finals_Chamonix_2024_race021_poses,right,0.9961538461538462,0.0818107996239379,0.0002253900945658,3.875437674035384,0.0540651433062582,0.0615076971760314,4.587105164925257e-05,0.9499808840895414,0.78125,0.0729774788842997,1.1111111111111112,0.0538707036330936,0.3570953657117696,0.2495343385899444,-0.8676230803038196,119.46125551286173,134.89130092774604,0.5875688883764145,4.683843115645298,60.15464702290006,0.5945284655866715,54.26012507888954,1.1873834186138077,-0.5291319235513156,1,1,0,0,1,advanced,1,level_2,1,advanced
Speed_finals_Chamonix_2024_race022_poses,left,0.956896551724138,0.0542840631026399,0.0002411531129763,0.1866707503362322,0.0534614286427235,0.1778654812007596,0.0010109944156853,0.926882421233836,0.5421686746987951,0.0372180102055835,0.7894736842105263,0.0816720407088169,0.5317555617887821,0.3855130302563965,0.778002825606325,108.86692535037372,135.99735700038346,0.5163003130248419,3.783988239270445,60.04851012366415,0.6009724829135851,55.0266992530318,1.3083194003996608,-0.2431070169729138,1,1,0,0,1,advanced,1,level_2,1,advanced
Speed_finals_Chamonix_2024_race022_poses,right,1.0,0.0687146303951364,0.0001920814012331,0.8589517827795744,0.0569928021452839,0.096188836828137,-0.000282593568166,0.948260882557954,0.6666666666666666,0.0624951879307463,0.7894736842105263,0.07928449388988,0.4696793048955214,0.4436208452220415,-0.6891152821629555,111.49381430127636,142.51316840122027,0.5283814574349625,3.854308976029552,59.20738581889997,0.566920280754953,49.56959386841962,1.141180500044784,-0.06532875707300348,1,1,0,0,1,advanced,1,level_2,1,advanced
Speed_finals_Chamonix_2024_race023_poses,right,0.9742647058823528,0.0740995499297976,0.0002082689743133,0.542190558441914,0.0528280721464587,0.1421533475020196,0.0004479686419169,0.943593951561976,0.6451612903225806,0.0722928768753282,0.6122448979591837,0.0717337687453187,0.6378099907151012,0.2068955673368441,0.3836096552096499,113.6561494663795,137.3766456661732,0.5267046757658125,3.475761953534815,55.1107276760796,0.5645609940608742,53.49583543820373,1.227751189312123,-0.2853123013231556,1,1,0,0,1,advanced,1,level_2,1,advanced
Speed_finals_Chamonix_2024_race024_poses,left,1.0,0.0791388632683673,0.0002256356307668,0.1540065545341404,0.0541685785068001,0.2119946576689624,0.0011694722146873,0.9606835544235494,0.7228915662650602,0.0478859441158868,2.1238938053097347,0.0692902755962287,0.3879660784155002,0.3281763165228333,0.5944389732387934,107.5394913964128,140.26657664256774,0.5680532101159953,3.8213208446139055,61.75594174707404,0.6108877519403946,51.5789052380725,1.52882341119772,-0.366774603952785,1,1,0,0,1,advanced,1,level_2,1,advanced
Speed_finals_Chamonix_2024_race024_poses,right,1.0,0.0970123542777509,0.0002200054798135,0.7355419637100233,0.0551827889637727,0.1444636766777013,0.0004307776689529,0.9348832916110766,0.5,0.0482841420785117,0.5172413793103449,0.0691000139100136,0.5398417913536341,0.334145554226001,-2.1252489192863115,123.45052860237116,134.61885691670997,0.5669229793225143,5.651359036731335,57.03311205782751,0.5647904542840715,55.44276207135466,1.1456692799719912,-0.20916819048399363,1,1,0,0,1,advanced,1,level_2,1,advanced
Speed_finals_Chamonix_2024_race025_poses,left,0.9936708860759492,0.0787317428564592,0.0002410197324911,0.1431772706411845,0.0500796530136487,0.2617018982381406,-0.0012830102659133,0.9297404521579044,0.5487804878048781,0.077771341117924,0.5504587155963303,0.0817727669056226,0.4983694454924299,0.3641427794369027,34.65561194847161,104.5215206296096,126.63960716187718,0.5825906413315005,69.4570027839018,63.634552060997535,0.6241194999663832,61.44306273162981,1.253113457854218,-0.8417994474557342,0,3,-1,1,0,beginner,0,level_1,0,beginner
Speed_finals_Chamonix_2024_race026_poses,left,0.9931972789115646,0.0196789772303526,0.0001995426140178,1.9980308449647584,0.0503647861917421,0.064484093616777,0.0001057616199355,0.941167717148466,0.5421686746987951,0.0778845035960377,0.6040268456375839,0.0839185531930763,0.6585921086910015,0.5821980515594452,1.997412817417461,105.43752862638462,118.94955361721723,0.5569559544412991,5.004371926534086,59.10261357971691,0.6176263234494651,59.99113138131475,1.8944444939878973,0.17159357929439709,1,1,0,0,1,advanced,1,level_2,1,advanced
Speed_finals_Chamonix_2024_race026_poses,right,0.8571428571428571,0.0159699481896654,0.0001589794112063,10.51926643475045,0.0579313431354567,0.1176178636649384,3.5471627206513376e-05,0.8706736975790367,0.5454545454545454,0.0714249396092349,0.6081081081081081,0.0784687825026154,0.6290251053238499,0.4918770014073216,3.123524639607317,122.76117382544248,127.9692644218388,0.5804476130182635,34.2573754424849,59.12829690441402,0.6044282772796217,56.69610742353861,1.106988819713566,-0.09321094348277793,1,2,0,0,1,advanced,2,level_3,1,advanced
Speed_finals_Chamonix_2024_race027_poses,left,0.992,0.0797868265085855,0.0002220194425665,0.2187576665889795,0.0561116879483028,0.2200516080297897,0.0010802899764863,0.9442597300011472,0.5960264900662252,0.0589193744080433,0.7407407407407407,0.0739911371105545,0.5717085642216541,0.342556536157573,-0.3257596683795474,122.41681249099088,132.0029747221106,0.5501992842017159,3.942535643121956,56.26709292777651,0.5891166012943433,57.41366549427261,1.2266452262249936,-0.20329391124512938,1,1,0,0,1,advanced,1,level_2,1,advanced
Speed_finals_Chamonix_2024_race027_poses,right,0.996,0.0608078555548223,0.0002206684271102,0.3816224536864858,0.0531296144934962,0.1436694476745029,0.0004347665660877,0.955536729178759,0.6091370558375635,0.0711523148528342,0.625,0.0845521488863442,0.5594508495935149,0.4148669775485817,1.8315925771294543,122.55138346339496,140.0785878263995,0.5437715401687139,6.184437191493524,56.26241532095762,0.617009630281861,48.88361598840984,1.2835988943768497,0.05532838406817533,1,1,0,0,1,advanced,1,level_2,1,advanced
Speed_finals_Chamonix_2024_race028_poses,left,0.9918032786885246,0.0901008380095371,0.0001825170635997,0.5939062850010113,0.0536528577207978,0.0721377328203761,-0.0003469877660611,0.9493298208475393,2.711864406779661,0.0515402974759361,0.5454545454545455,0.0688398490415855,0.3498934922223478,0.4008291287645522,1.2966866854452976,110.0339396740528,136.38452564792738,0.4868357154179888,3.520444879881735,54.7364732346954,0.5887106609946027,53.22392202329258,1.0624417343695474,-0.3084305226399962,1,1,1,0,1,advanced,1,level_2,1,advanced
Speed_finals_Chamonix_2024_race028_poses,right,0.9959016393442623,0.0608431753250552,0.0001937842061795,0.2278897341407761,0.0510506112621948,0.1843371845329424,0.0009430217814732,0.9503644233235196,0.5421686746987951,0.042338135442291,0.6382978723404256,0.0772807619593559,0.6470488155273404,0.3930558471658564,0.0819876931977268,114.15706301377236,138.2017350845626,0.5476188281741786,3.385861323425216,60.767153969874784,0.6199099457487547,51.982277496244414,1.1054108867535597,-0.015260541511262979,1,1,0,0,1,advanced,1,level_2,1,advanced
Speed_finals_Chamonix_2024_race029_poses,left,0.9572953736654805,0.0259620861509074,0.0002191381996948,0.6805995154849191,0.0530554577075672,0.0637493655760086,-0.0002619999115455,0.929766741778672,0.5633802816901409,0.070942636921096,1.5873015873015872,0.0692611811477879,0.7853838999525133,0.4436904223986168,1.7835145893340358,106.26699395695567,130.93894508584663,0.5962971000148161,20.600708095369196,59.93519364656378,0.6211958421006851,56.79638447628815,3.2197580623998827,0.08226351144435463,1,2,-1,0,1,advanced,2,level_3,1,advanced
Speed_finals_Chamonix_2024_race029_poses,right,0.9323843416370108,0.1030130936282705,0.0002513047319255,0.1216334241734939,0.0582971358171368,0.2741876613915552,0.0014408526321252,0.8710485473043791,0.75,0.0354343049701271,0.5,0.0581773621477868,0.8880913293107097,0.4028908863744743,-2.1554040291962275,101.59983815847605,148.79320754875442,0.445804792639004,4.95828101831637,53.680149158584086,0.6523650850717356,43.52505261578335,0.9240146434847042,0.3933503869763091,1,2,-1,0,1,advanced,2,level_3,1,advanced
Speed_finals_Chamonix_2024_race030_poses,left,0.9753086419753086,0.0817038381549022,0.0001844769482737,0.4713028165163704,0.0544686337600278,0.0693482260102954,0.0004432327057941,0.9332809901660436,0.5421686746987951,0.0490915421272206,2.0512820512820515,0.0682985879272722,0.2646867728755717,0.3005544102277762,0.054224543822883,121.25975560953042,130.2959181040986,0.5621416683418348,3.9427485715572743,56.896800882036594,0.5793666058412589,58.903565182146,1.282017701356112,-0.6086140423445389,1,1,0,0,1,advanced,1,level_2,1,advanced
Speed_finals_Chamonix_2024_race030_poses,right,0.9094650205761317,0.0400884929929717,0.0001351826213035,0.4319690520172927,0.0514981855247951,0.0889876591405962,0.0004363390478757,0.9240380658436214,0.594059405940594,0.0662219939810854,1.40625,0.0632665494661214,0.3470926092311533,0.2978589668673529,1.2540575447363895,115.28931244607269,133.31908792107652,0.5253310547669664,3.9295814526634776,53.97466287114524,0.6042297024249147,54.14583700969375,1.1009782690696464,-0.43006221958767704,1,1,0,0,1,advanced,1,level_2,1,advanced
Speed_finals_Chamonix_2024_race031_poses,right,1.0,0.0813091931634408,0.0002168307964416,0.2248324785780466,0.0512736647716512,0.233102964601721,0.0012428849511801,0.9375928288665532,0.5687203791469194,0.0709330495440716,0.5,0.091697863219984,0.7318433030298684,0.4665230152163684,-2.6512301380734127,116.44288165384864,128.5897717881452,0.5197655664577889,4.38958697851421,55.54867060226971,0.6161980481482029,56.655429799171934,1.0878260342077568,0.1425744483772442,1,1,0,0,1,advanced,1,level_2,1,advanced
Speed_finals_Chamonix_2024_race032_poses,right,0.9962825278810408,0.0599673791222778,0.0001814027302118,0.7643850197241413,0.0565747141431432,0.2018429536540038,0.0006017588280342,0.9386349855419948,0.6081081081081081,0.1092900331837106,0.6818181818181818,0.1180218030623176,0.8121636648323576,0.6282026613417446,-0.3911289331026148,113.37348256613716,124.90240370427313,0.5657442667619675,2.8289439757486625,57.87524837652781,0.5953720549684084,59.887109855342736,1.0808649745404193,0.45435564346249135,1,1,0,0,1,advanced,1,level_2,1,advanced
Speed_finals_Innsbruck_2024_race001_poses,left,0.9242424242424242,0.0278565772746101,6.367072112984999e-06,0.0592626001173315,0.0646769896076035,0.1280420729029763,-0.0133683918349778,0.8973857310727489,0.9375,0.0377060310854624,0.5357142857142857,0.2312677790055142,0.4610738259051021,0.4120077088293236,1.6563158836915504,148.44930875877768,119.4829732677842,0.7121802518285861,29.86116445003071,43.76738759363749,0.3221774565710056,64.60128272834403,0.856805746362092,-0.05171197700655461,1,4,-1,0,1,advanced,3,level_4,1,advanced
Speed_finals_Innsbruck_2024_race001_poses,right,0.8515151515151516,0.0878441130991801,0.0002438050462608,0.0957335441415764,0.0537479396710076,0.3880089174655469,0.0023843348026275,0.8738369563981123,0.5421686746987951,0.0892710600443962,0.75,0.0738284919115725,0.8987605926089788,0.4018256965697588,-0.8744368776915685,119.657956868881,141.5779661725712,0.5272139569541079,4.385161609209337,58.31104269612312,0.5645587822176479,48.6642733471395,1.109946812725222,0.332787302146961,1,1,0,0,1,advanced,1,level_2,1,advanced
Speed_finals_Innsbruck_2024_race002_poses,left,0.9975308641975308,0.1200621743664316,0.0002376233318533,0.1422311819830244,0.0550868030648776,0.2013114966667967,0.0010375402059899,0.9483092857821428,0.5421686746987951,0.0628338296347274,0.8163265306122448,0.092055362901385,0.5915142032625301,0.4585372751492853,1.7314966551975184,108.04806376446776,142.32802500263247,0.5631600250978311,4.523953285102844,57.87909174564882,0.5720380523238529,46.40672413344714,1.2928152205427992,0.219684291078875,1,1,0,0,1,advanced,1,level_2,1,advanced
Speed_finals_Innsbruck_2024_race002_poses,right,0.8049382716049382,0.064130772790857,0.0002287007435633,0.1701138160289835,0.0539270982425251,0.1991120398543719,0.0010752597863369,0.8680259276685474,0.6382978723404256,0.050946558044649,0.5042016806722689,0.0666256324740243,0.4098800992150758,0.3315278038617258,-0.7655716848767248,124.92210638539076,136.99459451378888,0.553632112608351,6.064881665468238,49.54860436508558,0.6143983154390688,50.37382631721883,1.2868030901805685,-0.12346473515329988,1,1,0,0,1,advanced,1,level_2,1,advanced
Speed_finals_Innsbruck_2024_race003_poses,left,1.0,0.0794301005928742,0.0002064872803269,0.5978843514859892,0.0528019527831113,0.0370840766727721,0.0002349134576454,0.9532224604611996,0.5056179775280899,0.0794187819618651,0.6923076923076923,0.0988411601042054,0.8451250748685041,0.3616753493993211,0.9125944434147634,90.89367194940664,129.21983601429162,0.5190313283141421,5.47421209978682,61.83993535773448,0.5868909468400348,53.65932426933801,1.512670298210453,0.024646318587242644,1,1,0,0,1,advanced,1,level_2,1,advanced
Speed_finals_Innsbruck_2024_race003_poses,right,1.0,0.0994436586670531,0.0002014416307143,0.2534225321665119,0.0533721423194459,0.1428306806086094,0.0007468878132541,0.957782286874659,0.5487804878048781,0.060398713682972,0.5263157894736842,0.0663706355749813,0.5251407486401377,0.3563105532651787,1.6522161510433384,112.67209122316945,144.06899864916028,0.478683043384089,3.8981512469190407,58.9483797380243,0.5956784545151799,48.27128860507068,1.2315200057630498,-0.19233457645151755,1,1,0,0,1,advanced,1,level_2,1,advanced
Speed_finals_Innsbruck_2024_race004_poses,left,0.9081761006289308,0.0498892402796623,0.0003498220072271,0.3509126246332165,0.0564863115324135,0.3665866516025737,0.0011029810513425,0.902030043154638,2.013422818791946,0.0390520520927804,0.7142857142857142,0.050445227174494,0.57391946257768,0.5208175603411417,-0.4244968724398785,121.3206379442589,134.10863296376996,0.6141524650543282,2.685424820179794,53.906307570633935,0.6326745540965177,54.793478687616,1.0930407389682295,0.2890548775490689,1,1,-1,0,1,advanced,1,level_2,1,advanced
Speed_finals_Innsbruck_2024_race005_poses,left,0.8782201405152225,0.1557662174980359,0.0002318715691754,0.1821571794417986,0.0496132583588535,0.1924163194059933,0.0010717110820563,0.9137296802259348,0.5421686746987951,0.0585828397726142,0.7142857142857142,0.0812496280976095,0.6195691111470857,0.3775000426354399,1.3949439734640368,104.41339157446316,137.61591524455028,0.4975020123857195,4.870849201051682,55.875409149731006,0.6158024245648435,52.11787334897545,1.206354802683276,-0.06373000644851833,1,1,0,0,1,advanced,1,level_2,1,advanced
Speed_finals_Innsbruck_2024_race005_poses,right,0.9063231850117096,0.0188211754495958,0.0001347726835268,2.047093781776019,0.055158579830904,0.1267765033142585,0.0001966195880987,0.8878357508409146,0.8571428571428571,0.0612319575942603,0.6206896551724139,0.0476757331368576,0.5000316992461296,0.6064213444303381,-3.9071584083398414,158.61077803199544,146.33660994439214,0.6285909713461739,5.7451698435090055,23.35449423347176,0.5921693751829877,51.437489977579375,0.8099065011338821,0.9905870229885011,1,0,-1,0,1,advanced,4,level_5,1,advanced
Speed_finals_Innsbruck_2024_race006_poses,left,0.7546666666666667,0.0875532872759137,0.0002096639564808,0.1342848128558339,0.0555924061284068,0.221048898723434,0.0013150817112011,0.8409603958683048,1.7647058823529411,0.0518597316573482,0.5128205128205129,0.0814793710967832,0.7270618688009661,0.4402779914103283,0.300644716748357,107.69856173536324,120.73562867107364,0.5297146014496619,3.3588422954803514,62.65782713271363,0.6232103557672288,57.06022239686126,1.0883576633828789,-0.023876700054534336,1,1,-1,0,1,advanced,1,level_2,1,advanced
Speed_finals_Innsbruck_2024_race006_poses,right,0.96,0.0248111288110488,7.47916752970387e-06,0.4638382032286698,0.0606769414993852,0.0293986253076012,0.0021497070789337,0.9254970473295956,0.8108108108108107,0.0658051822872653,3.267326732673267,0.1548619228449947,0.6272151907656032,0.1056397357044496,10.24505549636364,140.63396892647214,124.4552926635444,0.6357314187598928,26.38205731118471,44.69368235657946,0.5367440775596625,59.51388009500867,1.1754504291056271,-0.38207847323243055,1,4,-1,1,1,advanced,3,level_4,0,beginner
Speed_finals_Innsbruck_2024_race007_poses,left,0.9666666666666668,0.0843642753339184,0.0003552302092903,0.2151479291593361,0.0573772835950855,0.3484258647332727,0.0014583309964528,0.930520298713691,0.703125,0.0725268795151172,0.703125,0.1169393111409974,0.6934779666714016,0.2718943666072263,-0.91428263043721,159.9211502294732,116.41039480716098,0.6258038776930698,3.4519715346013573,37.66795046782309,0.3735201569955154,58.958552341854,0.89468088073445,0.23206696229611481,1,4,-1,0,1,advanced,3,level_4,1,advanced
Speed_finals_Innsbruck_2024_race007_poses,right,0.9846153846153848,0.024250003674595,2.3775208756514654e-05,0.1703411435448739,0.0620064237529718,0.0778007495311441,0.0022981380912619,0.928348647180964,0.6923076923076923,0.0748271783405099,0.5421686746987951,0.0674042972556723,0.6482366439468545,0.3058135377375474,1.6383511376634154,138.5557022666621,138.15603707355274,0.6418310794670025,9.811788197273318,44.811703211508245,0.5389544232206984,54.23511743723355,1.1192709589648169,0.18920030086030892,1,1,-1,0,1,advanced,1,level_2,1,advanced
Speed_finals_Innsbruck_2024_race008_poses,left,1.0,0.0358495205643909,0.0002394812014624,0.1278125991543796,0.0543505815154463,0.321464571094622,0.0018992660993553,0.9770833333333332,0.5421686746987951,0.069044900154685,0.6428571428571428,0.0903857874994748,0.8009086572568249,0.5598194342676801,1.864270218309203,106.80589836119198,134.3515413043607,0.5375850694342466,5.590968871700106,62.689991733618974,0.5954031354656613,54.26360896067258,1.2109336702778324,0.3001436117148501,1,1,0,0,1,advanced,1,level_2,1,advanced
Speed_finals_Innsbruck_2024_race008_poses,right,0.9971014492753624,0.100899614406274,0.0002405705634724,10.576822156249566,0.0566691916135089,0.1931641464485897,-3.8676592240850606e-05,0.9462009081223788,0.5421686746987951,0.1115184675842398,0.7258064516129034,0.1059925169817336,0.8385216853160284,0.6396938723680697,-1.5409261709523758,128.22214995881563,125.54640993899376,0.4963573554064856,4.064828354313085,51.68762710001538,0.6385494131777943,58.27606820026067,0.8220425958793629,0.5382842678883624,1,1,0,0,1,advanced,1,level_2,1,advanced
Speed_finals_Innsbruck_2024_race009_poses,left,0.9777777777777776,0.1171351434971647,0.0002765380241334,0.1857726438918783,0.0554291214764296,0.3468367676641133,0.0016471214373322,0.9213692130406524,0.8823529411764706,0.0408034893581443,1.171875,0.0583614160063846,0.726620994251088,0.5086092226218676,-1.671953964781503,128.41299630979336,136.2713656166268,0.6522934066051167,6.40191489369968,58.416274067360895,0.6253395594538094,55.13782115298966,1.098450154331141,0.3652578554607142,1,1,0,0,1,advanced,1,level_2,1,advanced
Speed_finals_Innsbruck_2024_race009_poses,right,0.9746031746031746,0.0709142963785638,0.0003363215405952,1.3480175187478425,0.0538271850304576,0.2080171435468717,0.0001878703220023,0.9387561211147154,1.0416666666666667,0.0545999611811028,1.25,0.0550055262439405,0.533061082459498,0.4288834619099175,-2.368336547620044,139.26488552098402,117.40020152786212,0.5547290027443985,3.8709134015470497,50.620754504355695,0.6446976476216756,62.77892266353503,1.0573408490469458,-0.10193061117724604,1,1,0,0,1,advanced,1,level_2,1,advanced
Speed_finals_Innsbruck_2024_race010_poses,left,0.8767676767676768,0.0792504937181912,0.0002694424512861,0.2558157643341157,0.0529877429766424,0.1447684333979555,0.000710863400908,0.9016441922777976,0.5294117647058822,0.0397148601857895,0.5882352941176472,0.0647251323741894,0.5186991751279127,0.4913731779647613,0.2739947029685179,116.34033350813118,118.44767985617604,0.5169391731769803,4.372463887377221,59.14428746094242,0.6131420208343525,59.46467653238067,1.0572350163098116,-0.16259180942556561,1,1,0,0,1,advanced,1,level_2,1,advanced
Speed_finals_Innsbruck_2024_race011_poses,left,0.775438596491228,0.0874421544348202,0.0002636308254148,0.1720046287614317,0.054605690920349,0.2091611854040198,0.0010813185449182,0.8445212013121756,0.8875739644970415,0.0332419629788203,0.6164383561643836,0.0588576551646648,0.3351330722352518,0.4582327735918424,-1.5443170523223886,113.610507257053,126.98378102730209,0.5749260186137298,5.00582818636451,60.24616688100499,0.6008124711908357,58.06664495061068,1.2428499020920047,-0.31344366410994245,1,1,0,0,1,advanced,1,level_2,1,advanced
Speed_finals_Innsbruck_2024_race011_poses,right,0.7719298245614035,0.0788927335510579,0.0003282102454206,3.4786160885416444,0.0538654980476746,0.2512546700212351,-0.00010893681298,0.8344048223896668,0.7361963190184049,0.0280383101580166,1.7647058823529411,0.0396664456213495,0.6374893635347314,0.2852487960008454,-2.8477876391648094,138.7016834568255,114.04707720091764,0.7167703970503646,6.4118708134727695,53.55544087856343,0.6028444523026556,60.23746112368744,1.159325459988731,-0.010106232046345198,1,1,-1,0,1,advanced,1,level_2,1,advanced
Speed_finals_Innsbruck_2024_race012_poses,left,0.8242424242424242,0.1014143744788203,0.0002829733536585,0.2004635684236571,0.0520615004695565,0.2370492013241542,0.0008911709469484,0.8736816972928074,0.5421686746987951,0.0449017813239836,1.1842105263157894,0.0620584229435394,0.4575723883379912,0.4111258224795746,0.5039348004838142,109.465041557783,134.67606969041867,0.5717116694793439,3.636859311413108,61.021849098196526,0.606721114738121,54.305322914491576,1.3529120758372606,-0.1976733479615993,1,1,0,0,1,advanced,1,level_2,1,advanced
Speed_finals_Innsbruck_2024_race012_poses,right,0.7555555555555555,0.0785149569210319,0.0003413237605544,6.6398320738143815,0.0534683279290202,0.2358336525842078,4.786102077628993e-05,0.8357491166685814,1.3291139240506329,0.039804564168776,0.9230769230769232,0.0410651134562798,0.3923143407585456,0.2642605428880257,-3.5602693582530067,134.73795620247853,120.6462771643964,0.6405546510530808,4.014089131159618,50.45562821372843,0.6221806143558598,59.07320042556921,1.131228654666225,-0.3077008517408047,1,1,-1,0,1,advanced,1,level_2,1,advanced
Speed_finals_Innsbruck_2024_race013_poses,left,0.9933333333333332,0.0474229300220766,0.0003613625059877,0.1763391655792728,0.0486042645313967,0.2880188895042336,0.001076600609756,0.9425244869071616,1.9024390243902445,0.0392408538745786,0.6741573033707865,0.0495290539901213,0.5843907914888794,0.3932976206940749,-3.640479972501826,138.72031327391295,135.9073524978759,0.7312597707710634,4.722735204754206,50.95962115841189,0.6210610895167007,53.94885012756283,1.2594877088231171,0.32281589109137476,1,1,-1,0,1,advanced,1,level_2,1,advanced
Speed_finals_Innsbruck_2024_race013_poses,right,1.0,0.0827711645239446,0.0003309055329569,2.4196680951468004,0.0553879353180176,0.3247131116674961,-0.0001568494431943,0.9591357146891604,0.5421686746987951,0.0309187557687636,0.8108108108108107,0.0449307000029463,0.7474496899416612,0.3743162579601913,-1.7776020825086996,123.1772357802598,116.923191173842,0.5897867316131732,3.4610395780776035,55.54699556954445,0.6319825257233704,60.16760190087928,1.167213384363966,0.04410021003283759,1,1,0,0,1,advanced,1,level_2,1,advanced
Speed_finals_Innsbruck_2024_race014_poses,left,0.8469135802469135,0.115094986007438,0.0002946938794738,0.1391050577394236,0.0496669811325802,0.2522177306063253,0.0010870321698132,0.883974652149823,0.5357142857142857,0.0429161916250266,1.3548387096774193,0.0592955163037178,0.5192381107589283,0.3690777693836885,-2.1953058718022027,110.68183666551307,112.35417982342798,0.5265735996435738,3.9651725296967935,59.53099177365673,0.6094367630703644,62.86881469391184,1.21117777893416,-0.4221529383633455,1,1,0,0,1,advanced,1,level_2,1,advanced
Speed_finals_Innsbruck_2024_race014_poses,right,0.9950617283950616,0.0983035411658811,0.0003777366819784,0.6192021643033312,0.0619272081697468,0.5252670959823577,0.0011668425053358,0.9365706063937056,0.75,0.0345930957244268,0.7317073170731708,0.1139555837400519,0.4323697158930367,0.4902352017889614,-9.234518865369562,147.4058048477069,131.0672110046809,0.7409199156603703,8.539063145150203,47.30815081539034,0.4195693662424052,50.809762384574775,0.9713116492398908,0.44836740244795886,1,4,-1,0,1,advanced,3,level_4,1,advanced
Speed_finals_Innsbruck_2024_race015_poses,left,0.90990990990991,0.0369713382032257,3.6830720571017335e-05,0.1295524772767605,0.0609403837429768,0.5129630453760379,-0.0064071315786112,0.8808230748208504,0.6,0.0390896932214759,0.5714285714285714,0.0336861611939647,0.9157719891270216,0.1772195819241563,5.40370544845252,162.88977435189852,172.45727784815645,0.9941955348124436,57.13087238799404,21.19569357010184,0.4987295001643285,4.330982544973985,1.0308678607376085,1.9357353590870874,1,0,-1,0,1,advanced,4,level_5,1,advanced
Speed_finals_Innsbruck_2024_race015_poses,right,0.8054054054054054,0.0517162279002822,0.0003081451989424,4.714370767480004,0.0528681215913694,0.2409504746078366,7.692930928195815e-05,0.8532340726643318,1.4457831325301205,0.0512320574078537,1.3043478260869563,0.0597997060896701,0.7009504998114459,0.5034952087834872,-3.786158985574179,132.1447364337062,127.7242658197906,0.6424354496161764,4.130155601358497,52.67533361677263,0.6653798813471774,55.69499299428134,1.3199441079212044,0.42602626564665896,1,1,0,0,1,advanced,1,level_2,1,advanced
Speed_finals_Innsbruck_2024_race016_poses,right,0.9447619047619048,0.0944840908137893,0.0002422789844474,0.3382929744519691,0.050697146357255,0.2249297190450656,0.000814395761767,0.9308951869262848,1.2209302325581397,0.0446286517288609,0.9615384615384616,0.0554816663253468,0.4087493063068809,0.3894672166811207,-0.7017289539548432,117.7847046428842,124.70554972626609,0.5715195008870455,3.387875850463561,56.198227661174,0.6132536619588695,61.40178302490722,1.185348407288776,-0.33930804304421897,1,1,0,0,1,advanced,1,level_2,1,advanced
Speed_finals_Innsbruck_2024_race017_poses,left,0.8919540229885058,0.0984474603560613,0.0002222116481649,0.2433863706892942,0.0580189933759146,0.1685842089264356,0.0011821616743061,0.9185717548263734,0.6081081081081081,0.0991503623760644,0.6521739130434783,0.0983631186032234,0.7798926495907331,0.5442560743903111,-0.0734021977911518,107.53471957934208,138.73892624985302,0.5116672854360735,4.655894241577931,55.4124983771957,0.5663746704954132,52.62363250478717,1.084588649133569,0.3905788386572691,1,1,0,0,1,advanced,1,level_2,1,advanced
Speed_finals_Innsbruck_2024_race018_poses,left,0.903921568627451,0.0760128171032398,0.0002335330848022,0.5333823046954368,0.0541381226034886,0.178183313239946,-0.0006881163765986,0.8899418576869188,0.625,0.0904269194254936,0.7142857142857142,0.0793063456020169,0.6336549313820581,0.3928335667791248,-0.2753938213980972,116.75482923660796,133.8179472651248,0.5873960771561385,3.751876493377207,56.47092922025771,0.6541234594234402,53.04339694713606,1.1516273725149109,0.08425498885913503,1,1,0,0,1,advanced,1,level_2,1,advanced
Speed_finals_Innsbruck_2024_race018_poses,right,0.9980392156862744,0.049940423880917,0.000318660191977,0.4709832664680795,0.0554540897082139,0.2955853154723469,0.0009396319841816,0.9450369326668148,1.9708029197080288,0.0485133345464122,0.5,0.0486908551888744,0.5381700831425966,0.3385736377398333,0.114874538983022,130.31491642588963,136.37704278253943,0.657994407056083,2.359711218654932,54.21456549884424,0.6375174307187885,56.0718890631795,1.1464814596097492,-0.009620218912160675,1,1,-1,0,1,advanced,1,level_2,1,advanced
Speed_finals_Innsbruck_2024_race019_poses,left,0.8416666666666667,0.0577886543418148,0.0002735844952315,0.3085601522129464,0.0566979766623979,0.1555182434287844,0.0006820883024185,0.8962500000000001,1.2834224598930482,0.0481960584441763,1.5584415584415583,0.0779449594008338,0.510885604224734,0.4922482120165592,1.7567329776951632,104.53880682727048,136.9075223177531,0.4767195535338577,4.794888129672859,54.224638427959306,0.6092192597131871,51.70778558080024,1.0502536792826689,0.021689991805647495,1,1,-1,0,1,advanced,1,level_2,1,advanced
Speed_finals_Innsbruck_2024_race019_poses,right,0.9805555555555556,0.0190921836005327,4.946630730852853e-05,0.0137856915399107,0.0639762499867269,0.8903316763228152,0.0147825549478116,0.9354030249741334,0.5263157894736842,0.0507025972767893,0.5294117647058822,0.1771458205749462,0.6001402555195819,0.5452922951314167,-2.741607187190807,128.0671458435799,127.89604009937864,0.7584500721312348,1.204351410105212,65.11685216349022,0.2641643365081724,62.915928311167725,1.0115301188910806,0.19990926629802766,1,4,-1,0,1,advanced,3,level_4,1,advanced
Speed_finals_Innsbruck_2024_race020_poses,left,0.9212121212121211,0.052095409652848,0.0002703881796346,0.1037163484466404,0.0569743726818923,0.4040087897608839,0.0019734055723673,0.9255254191020308,0.5555555555555556,0.0599265182151449,1.2195121951219514,0.0790145674753617,0.6005569819341752,0.2899018109637136,2.08326643006743,127.8655941069906,134.29701423474594,0.5499124678718809,4.406802199239098,53.825119840854526,0.5936786275597442,54.00764373888862,1.2118077978834008,-0.1469926214529685,1,1,0,0,1,advanced,1,level_2,1,advanced
Speed_finals_Innsbruck_2024_race020_poses,right,0.8222222222222222,0.0205853721875204,0.0002290470739496,0.3944448652192352,0.054129267151585,0.2406632437476742,0.0007601400122258,0.865485177154672,0.7109004739336493,0.0623859889359392,1.0344827586206895,0.0834340351462476,0.6644493504538549,0.369953150903798,1.4248995764459274,127.61962815359573,137.49071575921263,0.5748488056932001,6.203870025873819,51.93202216577645,0.6270200197839254,51.08834274080487,1.407456074321366,0.16876055547307944,1,1,0,0,1,advanced,1,level_2,1,advanced
Speed_finals_Innsbruck_2024_race021_poses,left,0.9971014492753624,0.09229600465996,0.0002582733220081,0.2922668443234294,0.0550517519607354,0.2722770613702719,0.00125159067767,0.9433010392308246,0.6428571428571428,0.0511227379620132,1.1363636363636362,0.0529402619173984,0.8144468014640835,0.4551157959299384,-1.8979835488733403,127.54715353580517,134.1641378071125,0.6337486104181568,6.212876214587542,60.344497436473816,0.630534553611559,55.69221446717647,1.0988731200837905,0.29423536852245463,1,1,0,0,1,advanced,1,level_2,1,advanced
Speed_finals_Innsbruck_2024_race021_poses,right,0.8260869565217391,0.0804791133797318,0.0002639072525181,0.3250784337188744,0.0503908280943544,0.2546575070712868,0.000867072706935,0.8753633053587241,1.0344827586206895,0.0779306246650095,0.9554140127388534,0.0715334272165296,0.6238077106941835,0.3921790060704698,-0.5932351224091057,118.1169535352011,121.80726448355485,0.5407550326367989,4.977555704064895,61.3226866525053,0.6364334413663836,57.24555894279244,1.1331530475488971,-0.1804488856134238,1,1,0,0,1,advanced,1,level_2,1,advanced
Speed_finals_Innsbruck_2024_race023_poses,left,0.6743002544529262,0.075678891666111,0.0003365269463808,0.3160115405750698,0.0545197161807376,0.1531053478090075,-0.0006606492467901,0.802956561444257,0.5113636363636365,0.0850750316062404,0.5487804878048781,0.0653803562117028,0.6583498021623233,0.4952329694490471,-6.6301234383338965,153.49015855709797,139.96909016329582,0.7498626423032417,4.876952080662655,37.79487486050407,0.6302659000414209,50.973654034765296,1.135656731506106,0.8958885512320885,1,0,-1,0,1,advanced,4,level_5,1,advanced
Speed_finals_Innsbruck_2024_race023_poses,right,1.0,0.0617596858122894,0.000334775545561,0.2204638165361067,0.0496650411179364,0.3261204944405751,0.0012653680366762,0.930001322015872,0.5741626794258373,0.0640448875656853,1.256544502617801,0.0645497294947059,0.8501701023456987,0.517605165127968,-2.798340036369964,110.9016904896494,122.80823942719248,0.5126974973674462,3.879759877986037,57.34045237051166,0.6232555549495749,57.21306314559985,1.2201116573252095,0.29400207637894443,1,1,0,0,1,advanced,1,level_2,1,advanced
Speed_finals_Innsbruck_2024_race024_poses,left,0.7402298850574712,0.0523332463045266,0.000295164986175,0.1127004551930075,0.0511590189098705,0.4253620935405335,0.0022544651514007,0.8463761881990877,0.7142857142857143,0.0322150770388863,1.3125,0.0473113527700076,0.8196731617479653,0.4899939214232032,-2.63842084321675,128.06770009530834,117.31461032127768,0.6426385044254281,6.053364744333554,55.11961422960817,0.6160375017223663,62.74559752394998,1.1308882426186802,0.3205228934150616,1,1,0,0,1,advanced,1,level_2,1,advanced
Speed_finals_Innsbruck_2024_race024_poses,right,0.9241379310344828,0.0362432556402927,3.5814886875127536e-05,0.0753822649851208,0.0632618524990926,0.796489085388384,0.0105408745316358,0.9048882090312436,0.6521739130434783,0.0347216226904361,0.5769230769230769,0.0617875874766549,0.5917601932017825,0.2296554548934065,-9.419413950838846,158.94862119339712,152.38596588826104,0.8318467605929845,5.528703578876168,39.11746064042295,0.159215079086761,34.899733024708574,0.9919242140325454,0.8218965845564554,1,4,-1,0,1,advanced,3,level_4,1,advanced
Speed_finals_Innsbruck_2024_race025_poses,left,0.997979797979798,0.0370093028968849,0.0006938269565375,0.1130781489282478,0.0606111658491152,0.4463356675447928,0.0010045725656183,0.927058446228863,0.5882352941176472,0.0544736653984212,0.5529953917050692,0.0460927194720547,0.7385558692499687,0.2508249787692522,-0.4908069761972343,123.4965662260227,109.13803878487651,0.5376684971956044,2.710130013818783,41.9558000456716,0.5895379363954695,67.04356638180964,0.7723475067507403,-0.12835101123200943,1,1,-1,0,1,advanced,1,level_2,1,advanced
Speed_finals_Innsbruck_2024_race025_poses,right,0.98989898989899,0.0356583717543735,0.0005089975669873,0.1603992265204611,0.0615471295855124,0.4671433882700515,0.0012574303266289,0.9454871436753106,0.794701986754967,0.0573732459247917,0.5590062111801243,0.0864706343977396,0.4714480346186427,0.4966817479920221,-2.7891925037016816,154.16504796205143,145.53405922435078,0.7526694827690542,2.478344640543862,38.1427918051651,0.5512623463523824,50.9789240695906,0.9800996369660724,0.7215665196157319,1,0,-1,0,1,advanced,4,level_5,1,advanced
Speed_finals_Innsbruck_2024_race026_poses,left,0.8222222222222222,0.0263206176699698,6.262318734505417e-05,0.3201389298778596,0.0605042828250668,0.442331604710694,0.003100574016571,0.8484483617309334,0.703125,0.0385877699804545,1.1920529801324504,0.0671072885790545,0.5978476468101994,0.5129059025943123,9.448906270174271,154.4523963308522,85.74482538284285,0.8403120475280287,33.976299847442746,42.298087572603954,0.6293121960782551,67.54502359950936,2.6376885884603865,0.3783582491194913,1,4,-1,0,1,advanced,3,level_4,1,advanced
Speed_finals_Innsbruck_2024_race026_poses,right,0.9944444444444444,0.0429489135184596,0.000769813843784,0.0630402098446744,0.0627790273826274,0.5505489199336863,0.0013030310471852,0.943633836332158,0.5769230769230769,0.0533161557238144,0.5421686746987951,0.1104344551252849,0.6757042617768326,0.4995028394867319,-3.047381659012612,141.37014505853642,125.2888107274564,0.7204828526645753,1.098499044089834,60.17835413245712,0.3178738855972822,42.59508508640469,0.8728420296760852,0.6613149242122884,1,4,-1,0,1,advanced,3,level_4,1,advanced
Speed_finals_Innsbruck_2024_race027_poses,left,0.808,0.0294567674656485,7.456083429168214e-05,8.785091502524756,0.0454201710095316,0.0579854178644203,1.321652138880057e-05,0.869123996524729,0.6976744186046512,0.0838740605390539,3.488372093023256,0.0596605530718452,0.3502772275970704,0.1401020659932031,70.1578117807977,143.3502935008633,115.51343453368052,1.1025216029689906,155.51832864990223,46.47966192765561,0.4882865227270396,54.55824081919479,3.454393007462047,-0.6934693391197535,0,3,-1,1,0,beginner,0,level_1,0,beginner
Speed_finals_Innsbruck_2024_race027_poses,right,0.92,0.0819351986600463,0.0003308898110075,0.2413709448710873,0.0554776489739972,0.4488779909851847,0.0016697933336338,0.9132133091106746,0.7228915662650602,0.0784670884455607,0.6428571428571428,0.0752252878163921,0.7983592605493288,0.4552909895497403,-4.231582709186793,132.92698787909427,124.19780738177502,0.6712090481954692,6.569412121101766,54.18305594191831,0.6078996991487187,55.42594990153589,1.3470192051227283,0.45050250320813445,1,1,0,0,1,advanced,1,level_2,1,advanced
Speed_finals_Innsbruck_2024_race028_poses,left,0.8177777777777778,0.0859946375451617,0.0003556484878317,0.1645385067139714,0.0511056519192436,0.2272204777780785,0.0008020456880331,0.8748734833942411,0.5113636363636365,0.0434098362924566,1.2962962962962965,0.0498917233744348,0.4999262431780619,0.3796524050282678,-1.470263276541626,113.43960570286488,116.4537999836179,0.5392425681990597,3.72419639967256,58.36787605326488,0.6236705180456527,61.19246455054869,1.1074608759848583,-0.3480164753420769,1,1,0,0,1,advanced,1,level_2,1,advanced
Speed_finals_Innsbruck_2024_race028_poses,right,0.9222222222222224,0.0275539449913513,1.0221301998036336e-05,0.2192252579136759,0.0569484923348398,0.0460806280369144,-0.0027137244348045,0.8772783597668485,0.8,0.0919298769276414,1.4634146341463417,0.0840935370824853,0.6798149487944876,0.3082333204887151,55.61856968742652,129.17752578046674,142.12333907047494,1.0012106079484349,94.51151759109833,57.3806321491875,0.4603928317457365,51.70810986126839,8.213431532392821,0.02038363806415851,0,3,-1,1,0,beginner,0,level_1,0,beginner
Speed_finals_Innsbruck_2024_race029_poses,left,0.9333333333333332,0.0357246110788826,0.000170546844578,0.2686866919454456,0.0530455573158223,0.1286388214193398,-0.0005727624115736,0.9065924768712832,0.6976744186046512,0.0441921233434779,0.7792207792207793,0.0106870879424345,0.5024718778721129,0.4200364540675233,-3.518659700467838,159.5497304855439,134.61576289360755,0.748308101513847,1.3524227475293362,6.315708627798762,0.5995794673317292,59.46031216616218,0.838079476370705,1.0429211612925553,1,0,-1,0,1,advanced,4,level_5,1,advanced
Speed_finals_Innsbruck_2024_race029_poses,right,0.8755555555555555,0.1154952572650735,0.0002515236374436,0.136578580588381,0.0567734803955995,0.4582068254084954,0.0019329803356205,0.9030373502202974,1.4457831325301205,0.0728445538709929,2.7272727272727275,0.0757357380169318,0.8099681036178072,0.2872194721379625,0.9968157675044536,98.3103986490711,134.74422848535585,0.4604989872358683,4.742546372363565,63.61598635645038,0.6212389090389957,55.5409129223947,1.181478715465518,-0.28523737178906133,1,1,-1,0,1,advanced,1,level_2,1,advanced
Speed_finals_Innsbruck_2024_race030_poses,left,0.85,0.0577922172820704,0.0004434836855018,0.173708478207104,0.0607778120485677,0.575806259697975,0.0017490074859829,0.85568354685855,0.7086614173228346,0.1081707196843082,0.5263157894736842,0.0390722583354669,0.7435323050996702,0.7132343227112459,-11.697164984848252,174.80940621171217,120.56162635251049,0.907339322767382,7.217942578668483,6.249794706713034,0.7670017124271943,44.58289550999086,1.0609978098446764,2.270162210686846,1,0,-1,0,1,advanced,4,level_5,1,advanced
Speed_finals_Innsbruck_2024_race030_poses,right,0.987037037037037,0.0181881348410654,4.738822007704351e-05,0.1978400019223389,0.0464350459227633,0.077435710666645,0.0008366126839707,0.9318404749639974,0.6617647058823529,0.0936801743128216,0.5769230769230769,0.081130486565276,0.4878039527875334,0.1881441241917091,-9.129644707256876,140.62916610975842,127.91891585712636,0.6240537469044221,7.960050012038224,48.74979874090347,0.5194318454782271,60.35790186441061,1.3245234877211496,-0.3794708845200765,1,4,-1,0,1,advanced,3,level_4,1,advanced
Speed_finals_Innsbruck_2024_race031_poses,left,1.0,0.0734884908982377,0.0002558477462692,0.106485393894334,0.0522323911478939,0.2748215906998499,0.001429581049695,0.9506862816267242,0.9036144578313252,0.0626183707710463,0.9160305343511452,0.0766743351004202,0.6781999236979188,0.3292644735358672,1.7666813652716378,90.35368333909634,139.6730299123094,0.4503825213067767,4.301358043760581,60.782567127231104,0.5946955715472957,51.97872304793738,1.2108771207950773,-0.23605041893194245,1,1,0,0,1,advanced,1,level_2,1,advanced
Speed_finals_Innsbruck_2024_race031_poses,right,1.0,0.0645583574831096,0.0002928887585439,0.1157732261367102,0.0577763246806473,0.5253792020939786,0.002347809022772,0.9595022998566916,0.8982035928143712,0.0572736867667993,2.926829268292683,0.0639209145362358,0.8225122255146599,0.2969303947115709,1.7935701001129245,118.78402883949327,132.5630579941782,0.5282039984899973,4.74837180815134,60.70245583390838,0.6019532686423049,54.5816822549538,1.2713047827198305,-0.08356584147543598,1,1,-1,0,1,advanced,1,level_2,1,advanced
Speed_finals_Innsbruck_2024_race032_poses,right,0.7654320987654321,0.0268955068114517,0.0001546441720926,0.1104368998097685,0.0603141063538733,0.6029507337509721,0.0036399824531761,0.8482789829830125,1.048951048951049,0.0670394071320726,1.4685314685314683,0.0718762862869274,0.8993942495943966,0.4214775007273562,0.9613940895131368,114.98625999686595,118.64302881730652,0.5743892355221789,25.95858462342834,60.92358051836665,0.6229603290893155,59.3359651375109,1.221256963860923,0.023841063586300292,1,2,-1,0,1,advanced,2,level_3,1,advanced
Speed_finals_Seoul_2024_race001_poses,left,0.9791666666666666,0.043862412431807,0.0001628693317402,0.8105628919858243,0.0557387943420021,0.0308748945965878,0.0002391613032444,0.9335364094867644,0.5421686746987951,0.1016356303302708,0.5960264900662252,0.0809353346724416,0.4625544258410859,0.4335887546717379,18.089059922291987,128.22245438485103,128.2802101335954,0.7354094222728,56.203218555606966,54.5495643008636,0.5818402659140652,58.35513013643171,2.645578982424345,-0.22242244410037224,0,3,-1,1,0,beginner,0,level_1,0,beginner
Speed_finals_Seoul_2024_race001_poses,right,0.9965277777777778,0.0620487741210763,0.0003300303353779,0.1597078592243232,0.0542401288351124,0.2940234673757984,-0.0014638873663815,0.9450470482306988,0.5844155844155845,0.0406786905963156,0.9448818897637796,0.0685249557619979,0.8493591954315622,0.5350535475819328,-1.9046238922768133,102.82433964312814,114.81721434111417,0.5672133476771569,3.7901419233398728,59.71876528076525,0.5807939781582236,62.08787949723303,1.2185325925368835,0.2565858899567152,1,1,0,0,1,advanced,1,level_2,1,advanced
Speed_finals_Seoul_2024_race002_poses,left,0.9967320261437908,0.0619176443176801,0.0002849164766343,18.49853978052036,0.0556771455832275,0.1126714275556221,1.6441557304990802e-05,0.9485511329269188,0.5521472392638036,0.0520006525215741,1.25,0.065898584041227,0.6341918050545808,0.4150429571725436,-1.977652651795148,120.5026432102288,117.43167355850863,0.570609988799687,5.220980332579611,56.83988327676498,0.5739818976702014,61.808834593613945,1.091719931869069,-0.10233816109800366,1,1,0,0,1,advanced,1,level_2,1,advanced
Speed_finals_Seoul_2024_race002_poses,right,1.0,0.1065491513456002,0.000308092656341,0.3643855997571055,0.0551552082841571,0.172058657472695,0.0008854478787464,0.9472137093110437,0.5732484076433121,0.051476875933188,1.267605633802817,0.0685947824578551,0.5401720788755533,0.4433408113723984,-1.494357508818324,121.68037537424397,115.5204829531005,0.5782569374463711,5.685595969777912,54.46127220479138,0.580558021851486,60.56747025635599,1.1742538466479369,-0.0737205574581444,1,1,0,0,1,advanced,1,level_2,1,advanced
Speed_finals_Seoul_2024_race003_poses,left,1.0,0.1041265456586052,0.0003734630364988,0.3462865099493173,0.0550122469462501,0.1027674364296596,0.0004992710219489,0.9392058325217923,0.5333333333333333,0.0497296271584037,0.6030150753768845,0.0657080610799662,0.468026603555585,0.4825736852512241,0.6074044911209866,108.11230463384535,124.64711773848089,0.5449525394745003,3.764004831680338,59.2730480358684,0.6036888547767407,58.91115010417169,1.12811801688472,-0.17423838103548261,1,1,0,0,1,advanced,1,level_2,1,advanced
Speed_finals_Seoul_2024_race003_poses,right,0.9842271293375394,0.0203175216160573,0.000224728663753,0.2397726811947599,0.0547192782787894,0.17237693416373,-0.0009832639585841,0.9418128699176636,1.168831168831169,0.0560030019933646,0.5084745762711864,0.0660331156326863,0.671180883612698,0.4847081805386558,1.575490852574693,118.25942204526366,113.33608475528597,0.557188186293428,20.057373634141637,58.00048359904516,0.5841112276434952,58.91928046577779,1.0269961566249168,-0.029076073051266138,1,2,0,0,1,advanced,2,level_3,1,advanced
Speed_finals_Seoul_2024_race004_poses,left,0.9754601226993864,0.0880738311910541,0.0002412588559168,0.6064707433280407,0.0557256707577904,0.1175418452647499,0.0005203766318467,0.939228132085952,0.5769230769230769,0.0751428785243968,0.6206896551724139,0.0997005896921539,0.7195618592583929,0.608487840969616,-3.0098084780575927,125.886471992485,126.98677071109016,0.6414291273314373,4.153401019073494,54.28438286315006,0.5985079725630063,57.7175994806576,1.10212740454357,0.5422015787669179,1,1,0,0,1,advanced,1,level_2,1,advanced
Speed_finals_Seoul_2024_race005_poses,left,0.9801980198019802,0.1311998427732112,0.0003565283793605,0.3287096019064379,0.0564769430118108,0.1608772523524936,0.0008150870470624,0.9300212436445198,1.1842105263157894,0.055292034307065,0.6666666666666666,0.0680735553189025,0.556388711381036,0.5480383466857173,-1.9120955292733877,118.6996585635265,124.13090637261814,0.5491771097601214,3.4300342235417367,58.085429794408974,0.6142042679894579,57.973453952478174,1.0621862546242409,0.07187251017843814,1,1,0,0,1,advanced,1,level_2,1,advanced
Speed_finals_Seoul_2024_race005_poses,right,1.0,0.0810327692519962,0.0003419341231278,0.6651902639582038,0.0498222828628329,0.1100717559528002,-0.0002796701881863,0.9359018495305028,0.5504587155963303,0.0589914388828306,0.9183673469387756,0.0673629655177276,0.8098589671605103,0.3745356219638438,-3.705350660696385,110.99737160816385,126.78855055571776,0.5387489928433097,4.96661715279486,61.32623888533752,0.6095482205849817,56.22246874265965,1.0795772736901068,-0.0018326963129493279,1,1,0,0,1,advanced,1,level_2,1,advanced
Speed_finals_Seoul_2024_race006_poses,left,0.9966555183946488,0.1274108648977068,0.0003271806370359,0.4327209817000461,0.054667915903383,0.1717652720554257,-0.0006861674139298,0.9432824605627054,0.5421686746987951,0.0517998011756368,0.6040268456375839,0.0677111078720725,0.8453357230646222,0.4742038255857179,-3.075663220223068,119.68492517719658,118.60498005368312,0.5410549692565148,4.560484853054779,59.02410910466923,0.5741993698720887,60.53746354960897,1.1177579308410484,0.1552894981176257,1,1,0,0,1,advanced,1,level_2,1,advanced
Speed_finals_Seoul_2024_race006_poses,right,1.0,0.0882959916163748,0.0002421911526417,1.088154432738316,0.0528354718887131,0.1310686724076428,0.0001876734825501,0.9474892415085272,0.5421686746987951,0.0550526152262642,0.6818181818181818,0.0658401824589423,0.6381622204923689,0.5061990719220621,-2.074093275775013,120.01013831800388,136.0919706323286,0.5422135516339496,5.330787346536983,52.27529583145263,0.5937436237910771,50.81051428822544,1.4494549107074626,0.3209445186517193,1,1,0,0,1,advanced,1,level_2,1,advanced
Speed_finals_Seoul_2024_race007_poses,left,0.987146529562982,0.0131659382205948,0.0001866109728304,0.1228848347388185,0.0515856769166332,0.3233862366000179,0.0022121601015607,0.9314604268626684,0.5027932960893855,0.0713950375245929,0.6030150753768845,0.0558330042001187,0.5488916071938501,0.5107881859442325,-2.6669519093428757,118.53849082847366,125.37118083951248,0.6302474356309729,5.174733439838878,61.62202730987512,0.6866887770993967,57.12261727671739,1.461471955759406,0.06326257592612945,1,1,0,0,1,advanced,1,level_2,1,advanced
Speed_finals_Seoul_2024_race007_poses,right,0.9974293059125964,0.014823779249854,0.0001401106820732,0.1973343882920434,0.0557029591993078,0.3220761994634729,0.0026510563510203,0.9461360097093544,0.6206896551724139,0.1267375315318762,0.5960264900662252,0.0730950417104805,0.5900104597649934,0.5247628863334834,-4.871068806953848,147.64681444356788,119.76208381777542,0.7945810681208206,4.673250798520235,40.50261745483098,0.556543507214221,63.56950653548786,1.2143706299093904,0.629262324377868,1,4,-1,0,1,advanced,3,level_4,1,advanced
Speed_finals_Seoul_2024_race008_poses,left,0.9976133651551312,0.0597169473617611,0.000353148198611,1.1779142859260112,0.0555410175976512,0.1400219312966025,0.0002643407890631,0.9551695681614948,0.5660377358490567,0.0536667466878097,0.6206896551724139,0.0621592450002748,0.625468834197238,0.4341122401450982,-0.1250959397754653,113.51479950690504,123.17405081302752,0.5481279126645738,5.395747289319702,59.09405817832501,0.6034497777589451,57.67931153109173,1.0010146709497776,-0.0701791962395854,1,1,0,0,1,advanced,1,level_2,1,advanced
Speed_finals_Seoul_2024_race008_poses,right,0.9665871121718376,0.0208405368025921,0.0002086359957131,0.1742128522559716,0.0521273972264027,0.276887749212794,-0.0013506199249964,0.9341021058426288,0.5389221556886228,0.0856289216449399,1.1920529801324504,0.0617345360826603,0.6185516924773374,0.4609356995023772,19.480422381306425,107.6885066449117,116.97845121197538,0.674807640639376,56.27365341647524,58.57926081329993,0.6096216042604602,65.69492462694092,8.857761440230378,-0.33607739152541205,0,3,-1,1,0,beginner,0,level_1,0,beginner
Speed_finals_Seoul_2024_race009_poses,left,1.0,0.070847585583778,0.0002318961676955,1.0881299038879684,0.0562651670413595,0.1228368435601762,0.0002447707312447,0.9527483134452852,0.6122448979591836,0.0950490845833015,1.4285714285714284,0.0795456267720447,0.8197331376225636,0.5307866129383947,0.221370391227589,130.91424746408143,130.0959114520798,0.5632093814555328,5.891110922577251,54.98316658629055,0.5885099103496312,52.50847667937036,0.9081078388304008,0.48698717578066936,1,1,0,0,1,advanced,1,level_2,1,advanced
Speed_finals_Seoul_2024_race009_poses,right,1.0,0.0752296465737988,0.0002463065452029,0.8676012721818969,0.053932072672166,0.1360993953507578,-0.0002568314472834,0.9573430815644068,0.5172413793103449,0.0814709227178263,0.8,0.0760600179973586,0.8187261737570465,0.5198334903849748,-0.5128679404140856,117.74244875101792,119.25683506536888,0.5584749758143303,6.370873496906885,59.68676701836138,0.5684006965210964,60.96677656852452,1.1196281072920238,0.1950230091722662,1,1,0,0,1,advanced,1,level_2,1,advanced
Speed_finals_Seoul_2024_race010_poses,left,0.9950738916256158,0.0198941583178591,0.0002771294143335,0.3400306900468628,0.0562192914633976,0.5036038144122241,0.0013183888541646,0.9370451946989083,0.5421686746987951,0.0523003883592932,0.5421686746987951,0.0204024412413245,0.5019986204790534,0.4075364014411957,4.423406444057417,162.99101042015909,84.60593214751015,0.8021175431661306,3.7512742309378257,8.219906818548273,0.8854077299598977,53.3639238275486,0.9734515982259304,1.176829861794552,1,0,-1,0,1,advanced,4,level_5,1,advanced
Speed_finals_Seoul_2024_race010_poses,right,0.9852216748768472,0.0126439354550608,0.000110413023731,0.2556355307211662,0.0534383762126901,0.3524074709538154,0.0023729051631617,0.9326985887148664,0.6716417910447762,0.0584372302310883,0.5421686746987951,0.0720063360210115,0.4994712719094437,0.2820167300102261,-2.511503571568886,164.10806528151255,69.60523716120997,0.7764699583690768,3.5297807810795163,16.50022121227105,0.7283346357286854,61.0678812090612,1.5069891905483492,0.6202709572434709,1,0,-1,0,1,advanced,4,level_5,1,advanced
Speed_finals_Seoul_2024_race011_poses,left,1.0,0.0606063689399941,0.0003123756438093,0.2663191221967337,0.0526183503368985,0.1338127573800726,0.0007692860929589,0.951006986612025,0.6315789473684211,0.0843264703048518,1.40625,0.0993000029702402,0.6848258795773944,0.486637742939399,0.6881662175718614,121.05927107299048,127.8355629051469,0.5280904345236302,5.229112197423323,58.15791040433344,0.5799912370167991,60.26047358493597,1.3522066720269326,0.010947543773302648,1,1,0,0,1,advanced,1,level_2,1,advanced
Speed_finals_Seoul_2024_race011_poses,right,0.7491638795986622,0.0589966120671718,0.0002023351243623,0.0943105880614479,0.0594543385818507,0.4286245349746865,-0.0039008803534926,0.822064671078117,0.5714285714285714,0.0871017389276981,0.7964601769911506,0.0580077067993959,0.9029316974320348,0.3440928381127359,0.4263023305603977,116.49577171947018,120.96536094298176,0.5215128221894793,5.2877250718353945,55.43747764369471,0.6267737942227323,60.19420535775336,1.1743609728480056,0.04240134600914919,1,1,0,0,1,advanced,1,level_2,1,advanced
Speed_finals_Seoul_2024_race012_poses,left,0.9957264957264956,0.0669507268831719,0.000248786830861,0.1659782674859003,0.0528376921033802,0.2373083475651978,-0.0012476740472288,0.940756200545232,1.0843373493975903,0.0458614632669796,0.6976744186046512,0.053595120332878,0.6453222917124858,0.3964302835446815,1.2039059318650698,113.3213435784818,122.36247204580737,0.4799473300789296,4.494896632493684,57.03100786901466,0.566685978412484,61.239095199125096,1.0231090578741635,-0.24114573967424047,1,1,0,0,1,advanced,1,level_2,1,advanced
Speed_finals_Seoul_2024_race012_poses,right,0.9957264957264956,0.0781794775217816,0.0002611875367318,0.4133241146853317,0.0547496299275686,0.118619750270591,0.0005447194877877,0.9488825812796854,2.5301204819277108,0.0476730498561223,0.75,0.0621960724756543,0.6695914513029355,0.3227825350687408,0.2008637970787734,110.0766182366598,133.85617072691738,0.5144051921678714,4.405549154037411,55.70046379634894,0.6015153994027387,57.55675129862515,1.0931507599135772,-0.18397795355562552,1,1,1,0,1,advanced,1,level_2,1,advanced
Speed_finals_Seoul_2024_race013_poses,left,1.0,0.0266671591555546,0.0001831875296861,0.2660983847992487,0.0491062493895518,0.3036411809354174,0.0014288922150929,0.9444702920116912,0.625,0.056581502794168,0.9302325581395348,0.0362185345586473,0.2596221711803255,0.2216627231892254,-2.7123350094424623,141.01785976082834,133.45502064007383,0.6394085914957439,3.555194011329696,52.83184852237157,0.6156776571817945,60.30590567879717,1.053807957346512,-0.5801394939614629,1,1,-1,0,1,advanced,1,level_2,1,advanced
Speed_finals_Seoul_2024_race013_poses,right,0.9975186104218362,0.0579905694829048,0.0002489989411167,0.2057765064019678,0.0530181284415669,0.2073962490039717,0.0010592141244784,0.9543208323973176,0.5421686746987951,0.053737834441562,0.7086614173228346,0.0709165064928917,0.4999628941872592,0.3300284731602423,0.0712233207163107,104.25505718178262,142.42072404693133,0.4996642501905891,3.9265861549379664,63.62459493161645,0.581785739636599,51.192308970446085,1.232753318009769,-0.3775119904014703,1,1,0,0,1,advanced,1,level_2,1,advanced
Speed_finals_Seoul_2024_race014_poses,left,1.0,0.0176173554832239,0.0001819331743434,2.4451660715950667,0.0492160642396667,0.0359324052146975,-9.697582986619738e-05,0.9648611111111112,1.6,0.0718872559113441,1.7277486910994764,0.0676132980006128,0.4126979593825332,0.2678213752968476,1.4265018401349376,117.2607573473537,126.94422186897116,0.5035924963339127,4.367061947035476,59.29503355380143,0.6255631920930091,57.41109667538159,1.0866347886336816,-0.6135034625109478,1,1,-1,0,1,advanced,1,level_2,1,advanced
Speed_finals_Seoul_2024_race014_poses,right,0.99601593625498,0.0191362253281237,0.0001395812156004,1.0175427477274794,0.0503928513856606,0.1712617329762342,-0.0003133410707526,0.931276646788022,0.5504587155963303,0.0652252470479192,0.8670520231213873,0.0816429039401219,0.4546611077331214,0.2883594429745499,1.0396857432575568,118.88118328699744,129.6746651573265,0.5624879537391082,5.216489309572278,60.64880087308097,0.6445941661772682,56.841292448132165,1.0543386657022902,-0.46993365609286947,1,1,0,0,1,advanced,1,level_2,1,advanced
Speed_finals_Seoul_2024_race015_poses,left,0.9975369458128078,0.0367129825569893,0.0002410044066872,29.459832649321907,0.0532322145455676,0.0257170233251393,-7.671314281421703e-06,0.9560946587623173,0.8241758241758241,0.0879105683012747,0.5521472392638036,0.089010547409401,0.8730653348375538,0.503268172957862,-1.3725163236764368,123.02854440607776,136.366215226992,0.5250727140219043,3.514625737519405,56.36822435596787,0.5809167457519703,52.05552318257603,1.1193777505271834,0.4397142279979549,1,1,0,0,1,advanced,1,level_2,1,advanced
Speed_finals_Seoul_2024_race015_poses,right,0.7438423645320197,0.0563765616029304,0.0003092919007428,0.1057262469674044,0.0548509361105188,0.3337659947011006,-0.002245803674062,0.8490045155993431,1.9607843137254903,0.068351538099734,2.142857142857143,0.0899834468610341,0.8737126025957428,0.3068404575973608,-2.997841451063923,118.35397429653614,143.77264788831832,0.5947442228599078,6.021119754815709,57.30206227372053,0.5467862975292458,49.63228553704094,1.675122226051184,0.23973884132610382,1,1,-1,0,1,advanced,1,level_2,1,advanced
Speed_finals_Seoul_2024_race016_poses,left,0.972318339100346,0.0574955830724528,0.0001163929364287,0.5443129157328882,0.0491950170153172,0.0618389025303534,-0.0004874746124428,0.9500445419839612,0.7228915662650602,0.091540525811563,0.5555555555555556,0.1062707041800104,0.5349960414539846,0.4420543874316487,60.26673271622988,118.58921973151485,116.09530364379792,0.6229015453974662,149.82798249185186,59.22899641667685,0.6293747318447107,55.60881270103882,1.4964312481589293,-0.9387199363685252,0,3,-1,1,0,beginner,0,level_1,0,beginner
Speed_finals_Seoul_2024_race016_poses,right,0.7508650519031141,0.0120375475621215,0.0001748737004455,1.4536480234755478,0.0557554181493976,0.1274652624228318,-0.0002061562822354,0.8460136358844839,1.1920529801324504,0.0688336176977849,1.3846153846153846,0.0675238425820502,0.6526465816430802,0.4369899919292452,-1.311373268404972,131.50053176299997,114.13724912183638,0.5858885561104457,15.544032561487622,52.604013152242224,0.587989450930895,59.16656993038893,1.2406333956985616,0.04079100394512027,1,2,0,0,1,advanced,2,level_3,1,advanced
Speed_finals_Seoul_2024_race017_poses,left,1.0,0.0284436921754351,0.0002389428428384,0.3718183942422968,0.0503538503654935,0.1218333303337709,-0.0006293862252622,0.9482600787710256,0.6486486486486486,0.0378664233963576,0.5421686746987951,0.0565880746690813,0.5838561241022626,0.3787075370260852,0.5455402668461966,122.28628294158048,118.8454890823892,0.6105099901330379,3.973381077271065,56.9459631731317,0.6171072966032731,63.43245838842166,1.1032878678586029,-0.1817049368576409,1,1,0,0,1,advanced,1,level_2,1,advanced
Speed_finals_Seoul_2024_race017_poses,right,0.9974747474747476,0.1159169936994162,0.0003270688644115,3.2151723207727945,0.055965463210676,0.1610146394051839,0.0001238196893455,0.9516142601540298,0.5882352941176472,0.0472988331922727,0.6666666666666666,0.056578912444998,0.3400200461858652,0.3976358818392832,-2.936182618951317,120.51459783613063,124.7954307533038,0.5820459035806861,4.847035636722763,57.55581948721037,0.5891528535856693,59.63619411860938,1.1184929837964823,-0.37834817441795426,1,1,0,0,1,advanced,1,level_2,1,advanced
Speed_finals_Seoul_2024_race018_poses,left,0.9965156794425089,0.0833428279082695,0.0003192313695291,0.5704490153012813,0.0568391639151194,0.1438315115995888,0.0005416750158153,0.9488440560525484,1.3207547169811322,0.0393073746218218,0.625,0.0550473019664245,0.4971523520196998,0.3999369121305549,-2.5792734434246016,119.0992590406247,130.5208268202374,0.5937853970036616,3.8800104633097465,58.528368603945445,0.6114307239908771,55.11317873244823,1.1376534488331302,-0.11548378059463782,1,1,0,0,1,advanced,1,level_2,1,advanced
Speed_finals_Seoul_2024_race018_poses,right,0.9965156794425089,0.1309762248805136,0.0002858885820189,2.2511747692783635,0.055196708537071,0.1687434077318346,0.0001663303518869,0.942171335115032,1.4457831325301205,0.0434600985935192,1.2587412587412588,0.0468978171236585,0.6692553507952158,0.3003378954581781,-4.528005329487686,128.09346567625764,137.26067970752536,0.6637802505893843,7.022943861909572,50.68511424941225,0.5664533538126677,48.47657522545548,1.1135991174936677,0.2628276162928354,1,1,-1,0,1,advanced,1,level_2,1,advanced
Speed_finals_Seoul_2024_race019_poses,left,0.9713541666666666,0.0302747436514867,0.0003015919882264,0.1668266543319024,0.0509662929947731,0.2719893519600892,-0.0015957432094021,0.9327778973605808,0.5607476635514019,0.0749463565506227,1.5,0.0596215011954904,0.6989119260313467,0.340211160640726,-2.7845629853589355,123.1784228516637,129.8527665361658,0.624771704856347,5.775015436625446,61.42856910977488,0.6686166058624291,57.91689033489791,1.144585922573485,-0.08667884399054532,1,1,0,0,1,advanced,1,level_2,1,advanced
Speed_finals_Seoul_2024_race019_poses,right,0.9973958333333334,0.0767286211053158,0.0003090569031476,1.1444048884194016,0.0516548498800547,0.0773625852655085,0.0001881358859775,0.9462041689529702,0.5405405405405406,0.0484873391425645,1.5865384615384617,0.0715135561777003,0.5542638421023873,0.4171177948543566,-0.8530165547006547,105.1233654504892,126.66052615317804,0.5311117337467622,5.85920342894246,62.4503572694138,0.6007010334568191,56.38949360189026,1.099112080547917,-0.23349030841094057,1,1,0,0,1,advanced,1,level_2,1,advanced
Speed_finals_Seoul_2024_race020_poses,left,1.0,0.0671867206305514,0.0002155223172224,0.6925263142693829,0.0534627555541384,0.1130547612082057,0.0005955002214535,0.9633204234278115,1.6265060240963856,0.062424334299165,1.5286624203821657,0.0587602359288186,0.305195246503309,0.5086304243499908,-1.9444061381038769,131.13423869211869,136.85781432740856,0.6029918715862266,6.148532765325346,52.99638357274725,0.5477517641623201,53.31182247686774,1.1935365732153875,0.005071844808570832,1,1,-1,0,1,advanced,1,level_2,1,advanced
Speed_finals_Seoul_2024_race020_poses,right,0.9925925925925926,0.0933943458661635,0.0002988848241054,0.4873499789736501,0.0555884083417649,0.08635814447087,0.000422191204904,0.9494432934494966,0.569620253164557,0.0500834193482013,0.8181818181818183,0.0560853376503496,0.7289659641598115,0.4807370498820464,0.1821391087339523,92.43207741094076,125.42424753013948,0.5140652362632134,4.173134194257098,64.79136169353363,0.5803229603667224,59.79494426740233,1.36192986211365,-0.08077645905454946,1,1,0,0,1,advanced,1,level_2,1,advanced
Speed_finals_Seoul_2024_race021_poses,left,1.0,0.027316092530815,0.0002304951256209,1.4423984588862306,0.0547812138587859,0.0930628028562263,-0.000281660498439,0.9445167561273378,0.6293706293706294,0.049570877022559,1.3636363636363638,0.0574816732203147,0.5034245692441359,0.5347048514339375,-2.92819875804656,141.5417465702205,129.17667420000217,0.5796901887726288,5.078881593112605,54.5230125946902,0.6235958686109718,61.66844235188602,0.9734488408446113,0.01957639962503599,1,1,0,0,1,advanced,1,level_2,1,advanced
Speed_finals_Seoul_2024_race021_poses,right,0.9710144927536232,0.0680637075730324,0.0002647277679305,0.7891021577577768,0.0537401133145589,0.0748988877552184,0.0002414595771145,0.9487678400432548,2.5324675324675328,0.0395397412677356,0.5825242718446603,0.0687261164319943,0.532236191791227,0.3455180173740628,0.2404413985021224,109.94860701740356,130.90727142967256,0.4550841604855307,4.099935825830364,54.73028126228744,0.5971109992253386,60.822542239762285,1.097719176207407,-0.42138243768495803,1,1,1,0,1,advanced,1,level_2,1,advanced
Speed_finals_Seoul_2024_race022_poses,left,0.995260663507109,0.0787729230168444,0.000226711190775,0.6694623624956629,0.0556025933325718,0.0655624295503543,0.000396664949912,0.9519533553800426,0.759493670886076,0.0469103400346194,0.6870229007633588,0.0598699419951075,0.551789304122225,0.3680550112224616,-0.1024193574146759,115.24415380573448,131.60584321652362,0.5668663557294336,4.240825295454118,57.65838693485856,0.5478432989226079,58.5267136110165,1.4006315959251108,-0.20849900610452585,1,1,0,0,1,advanced,1,level_2,1,advanced
Speed_finals_Seoul_2024_race022_poses,right,0.971563981042654,0.0364297984428929,0.0002057740400292,0.3790071958593484,0.0554029269204088,0.1167225244850587,-0.0008721786110024,0.9337397517163996,0.6315789473684211,0.0398902882743363,1.0135135135135134,0.0852476285809824,0.5434243208657621,0.3655851117874399,1.813963637495248,102.62997776978705,131.9508599863181,0.5103173998096556,5.219865987697155,60.03853369534259,0.6245209198126724,55.02995820406127,1.1477608524939602,-0.2816623073833704,1,1,0,0,1,advanced,1,level_2,1,advanced
Speed_finals_Seoul_2024_race023_poses,left,1.0,0.0407219193032365,0.0002177370037307,0.2012213951879024,0.055259429633318,0.1781824312167777,-0.00119980210715,0.9658573890174322,0.594059405940594,0.0458914044158707,2.0930232558139537,0.0813400244601004,0.7097050225280535,0.3442667905637248,-0.5722721758177298,105.04909245631627,143.31690398845387,0.5656721507581195,7.762464263657345,58.900198799817225,0.5716030182873778,46.086914027253485,1.32622771638654,0.1241955048824035,1,1,-1,0,1,advanced,1,level_2,1,advanced
Speed_finals_Seoul_2024_race023_poses,right,1.0,0.085375000769506,0.0002985000740741,0.1975039860218212,0.0551483587543408,0.1947383655519972,0.0010379546519481,0.9514464955224656,0.7272727272727273,0.0522340505147776,0.6923076923076923,0.0667492712893279,0.4178582268007657,0.3102787939720129,0.2590297936553151,102.55355721948308,131.28970219568535,0.4951400880293542,3.794890497956007,64.69371422515722,0.5741045057173368,53.35161702895566,1.3543164954770703,-0.5635223309039178,1,1,0,0,1,advanced,1,level_2,1,advanced
Speed_finals_Seoul_2024_race024_poses,left,0.9800995024875622,0.0567548679377064,9.560180552805598e-05,0.1076783341718167,0.0504569533334361,0.2771354185855534,0.0028499789375195,0.9452968453190248,0.6474820143884893,0.0797079868484546,0.6474820143884893,0.1503284190700733,0.5934320460292765,0.5356548070882061,14.869446935411714,118.1823018961442,119.59873580738164,0.5249135208326235,96.00932722729422,57.20538423926483,0.6207068120424741,61.32986025877141,1.1910328573916178,-0.6020182389410255,0,3,-1,1,0,beginner,0,level_1,0,beginner
Speed_finals_Seoul_2024_race024_poses,right,0.9975124378109452,0.0661464074192356,0.0003014982878001,0.4288255034882661,0.0552583904821946,0.1922258683111649,-0.0007113527287455,0.9440425961240662,0.6617647058823529,0.0601112706875756,0.7377049180327869,0.0783503311388785,0.9133782737717946,0.3924528504171706,0.565298788306295,124.83618411585164,108.01232885782169,0.5528769392027428,4.161075717956527,54.96455907239864,0.6289380254161876,67.97425421980736,0.9977893624235912,0.03195735456073433,1,1,0,0,1,advanced,1,level_2,1,advanced
Speed_finals_Seoul_2024_race025_poses,left,1.0,0.0360828333422818,0.0002608991235611,0.5063599287148776,0.0500303050795544,0.1274524199871772,-0.0006573528692286,0.9542950382500076,0.6451612903225806,0.0445839765623255,0.5590062111801243,0.0600410807552657,0.5014733951535097,0.4994204259297355,-3.980429944273833,132.82287921235502,133.62810931101555,0.6587550324147411,4.517786045343229,54.05546004184243,0.6415039122300578,55.04579287963911,1.0805969691017072,0.2260980307068401,1,1,0,0,1,advanced,1,level_2,1,advanced
Speed_finals_Seoul_2024_race025_poses,right,0.9978448275862069,0.0139101333688247,0.0002651367556775,1.716822684272416,0.0513812549030619,0.1938111781163407,0.0003210336768201,0.9248411090909816,0.5381165919282511,0.0497345990161178,0.5357142857142857,0.0617593818020254,0.330930600246826,0.5515098034568175,-5.2045755209588185,154.29613856119994,122.27781480962348,0.6517651735756164,4.042079557652548,21.78280893143941,0.8046975169001347,62.48388044583741,0.8528216368019371,0.573987641891914,1,0,-1,0,1,advanced,4,level_5,1,advanced
Speed_finals_Seoul_2024_race026_poses,left,1.0,0.0551833253275297,0.0002155001842919,0.4516081301331945,0.0568259426846233,0.1123528046245574,-0.0008550007132035,0.9490397964745978,0.5960264900662252,0.1152954747643509,0.949367088607595,0.1180534111026985,0.8230862148358317,0.6392913195100496,-4.2348642398988,136.08393784662337,122.68683398282624,0.6609273843780429,5.347557317925254,54.45292486910852,0.5799437880632411,57.95485732354493,1.1683649999321244,0.7102054728875044,1,1,0,0,1,advanced,1,level_2,1,advanced
Speed_finals_Seoul_2024_race026_poses,right,0.9965277777777778,0.0427947073512365,0.0002587036379719,0.1972473294928284,0.0549470286360592,0.2472466118199307,0.0014045330953885,0.957626640596938,0.5421686746987951,0.0841059176628057,0.6593406593406593,0.0920571895627773,0.8535500774311353,0.2870764403983596,-0.4504734869217269,110.15676416660736,137.596732841983,0.4578596623152827,3.931878603782536,55.80873960384703,0.5993718614898813,56.77815698016894,1.1069843739730958,-0.12081014699526187,1,1,0,0,1,advanced,1,level_2,1,advanced
Speed_finals_Seoul_2024_race027_poses,left,0.7182539682539683,0.0181226983551319,0.0001119834740401,0.1725085571185939,0.0582214058700195,0.1347855731898176,-0.0012206992932728,0.833154761904762,0.6428571428571428,0.0575885337516595,0.5825242718446603,0.0936995707907423,0.8210401743033551,0.4497521506577633,1.030700528109648,109.07328093006542,131.5455978924116,0.5104473930253368,4.270049056111317,61.87925741365116,0.6225138042553582,55.109072913834325,1.1288611057673796,0.10782794036576941,1,1,0,0,1,advanced,1,level_2,1,advanced
Speed_finals_Seoul_2024_race027_poses,right,1.0,0.0850247756779592,0.0002713140791496,0.2009259622007398,0.0526852472164382,0.1819031402061818,0.0010627016425132,0.959556432189585,0.7058823529411764,0.0533784577423143,0.9022556390977444,0.0671047941862844,0.5163008162234205,0.3973122373607877,-0.4947582089826362,105.88443410727815,128.53866727101746,0.5173313087833605,3.7628695716268594,62.671082158217146,0.5857343873865106,53.977172984861205,1.2259261478732295,-0.2647516458873906,1,1,0,0,1,advanced,1,level_2,1,advanced
Speed_finals_Seoul_2024_race028_poses,left,1.0,0.0322770046785978,0.0002238405752589,0.315339570085232,0.0546146057492792,0.1801949760111829,-0.0009138959727875,0.943331579491676,0.6164383561643836,0.0512635988815261,0.6716417910447762,0.049698615871647,0.4118892455848906,0.3326417211578121,-1.213228007748745,140.8211384256136,111.61706900711344,0.6755146347664887,3.5411233257447186,48.176690159999886,0.6379728462039457,68.84683086620032,1.0933624720481216,-0.28326816140039107,1,1,-1,0,1,advanced,1,level_2,1,advanced
Speed_finals_Seoul_2024_race028_poses,right,0.9973753280839897,0.0552028906604352,0.0002830459152773,1.0333258772895848,0.0545934841199642,0.1511957119380233,0.0003485681640135,0.9491446171602372,0.8108108108108107,0.0353331403166631,0.6474820143884893,0.0602638994621406,0.4555256637097339,0.3155872140462333,0.2400929618553162,113.0768263537763,124.84172968140106,0.5441079564306586,5.031270880767174,60.316157251975206,0.592571133623339,55.62634390992553,1.0691360129498335,-0.419068626601903,1,1,0,0,1,advanced,1,level_2,1,advanced
Speed_finals_Seoul_2024_race029_poses,left,1.0,0.0327433321867888,0.0001999551352733,0.4164237161280097,0.0553426970302399,0.131772877512886,0.0008978245919839,0.9683341383651812,0.5202312138728323,0.0697093776094227,0.5769230769230769,0.0859350290327144,0.7443440670484068,0.4554323358837683,-1.5552648989315974,130.09298449620007,140.27435367162,0.6054356168268706,5.644061637319762,54.734269074342365,0.550015033497454,50.51567997150031,1.2782047618127044,0.39738386722970215,1,1,0,0,1,advanced,1,level_2,1,advanced
Speed_finals_Seoul_2024_race029_poses,right,0.7491166077738516,0.0296392970674839,0.0001123286252772,0.1724587567552917,0.0539744265652807,0.3754506366359171,-0.0036463414969509,0.8516416372202591,0.6617647058823529,0.1040845592400002,0.625,0.0909028040466746,0.6758998942902286,0.4461205448117279,-0.238927725783233,135.98281617172805,132.377114510268,0.6790617889890758,3.3927321277649565,53.52097141045784,0.6655880197096877,54.16553438057432,1.1780014352397488,0.38185920413213087,1,1,0,0,1,advanced,1,level_2,1,advanced
Speed_finals_Seoul_2024_race030_poses,left,0.9634551495016612,0.0150528570548609,8.3178250982479e-05,0.0919731076456182,0.0521300858323907,0.1595368518418736,-0.001993729650038,0.9271709052165024,0.5113636363636365,0.1158696707764748,0.6282722513089005,0.1406900811545033,0.5738080151627667,0.4659545942542262,51.74031031374088,109.15207602963709,118.6991436740839,0.4744339445147729,108.49689011413548,59.46554199887853,0.6124453636134966,56.53451367317654,1.372137825627095,-0.8327285730878692,0,3,-1,1,0,beginner,0,level_1,0,beginner
Speed_finals_Seoul_2024_race030_poses,right,0.9900332225913622,0.1072021943260134,0.0002935546028404,2.6946617294012487,0.0527832440673159,0.0983373999642972,0.0001182087830134,0.9426285359922516,0.5844155844155845,0.0383126870225535,0.6474820143884893,0.0549013849535846,0.3995386579884801,0.3637073292116188,-3.3863863449466085,118.96901560071584,126.4108092651851,0.5715754552405111,3.633763150236867,60.11808648112245,0.6110441798990689,57.769078066226285,1.1337499426561075,-0.38920195824139886,1,1,0,0,1,advanced,1,level_2,1,advanced
Speed_finals_Seoul_2024_race031_poses,left,1.0,0.0818920988995673,0.0002809814137843,2.4237967878987017,0.0516705532438035,0.0166428522030239,8.938350289116078e-05,0.9368837451216504,0.5429864253393666,0.0851116313653241,0.5027932960893855,0.105686969471544,0.7577242628806471,0.4584069591985786,-2.763996492594119,116.31835845613246,125.53988913814946,0.4774086065240186,7.593720061766998,52.589753365725095,0.6238004456450007,55.34838435948768,1.0537994792072332,0.15476431038727442,1,2,0,0,1,advanced,2,level_3,1,advanced
Speed_finals_Seoul_2024_race031_poses,right,1.0,0.0910131353233242,0.0002738961754042,0.6248835613817761,0.0524391428939959,0.1711025969259358,-0.0005266271441815,0.9567115490229036,0.5421686746987951,0.0753600481443138,0.6716417910447762,0.0747908407526743,0.8074360819698698,0.4470585800703882,-2.011255124150114,105.01808737084303,119.8625490636592,0.4804847767303573,3.760491882924862,61.69668741835847,0.5750829245089798,58.684597636219365,1.0147095838426397,-0.02193104177971214,1,1,0,0,1,advanced,1,level_2,1,advanced
Speed_finals_Villars_2024_race001_poses,left,0.9507575757575758,0.044529065794052,0.0001958380465407,0.5776542257977718,0.0470777080222492,0.1765181604387908,0.000616283331177,0.9159263404139176,0.594059405940594,0.0625376078541216,0.8163265306122448,0.0641803798239014,0.4913666637626641,0.3736589549584741,-7.676699749545348,111.14285248913076,128.69559250101327,0.5959520574322393,43.52514307943806,55.94946193234168,0.641406973182148,55.499803945661206,1.5365996462914129,-0.3791031934403905,1,2,-1,0,1,advanced,2,level_3,1,advanced
Speed_finals_Villars_2024_race001_poses,right,0.9659090909090908,0.0681305743202995,0.0002719409217006,2.2249169929643644,0.0482388880566984,0.1971478998163958,0.0001191677116766,0.9236788972429216,0.7317073170731708,0.0437083298079715,1.0791366906474822,0.0548968086370952,0.4522429354411636,0.3313874830567553,-0.8171304644541578,118.4134892699159,133.67568940780149,0.5529537269410204,5.062765282394572,50.614728608389136,0.6046290602916972,55.17262046895944,1.2596007744974045,-0.1946853596661727,1,1,0,0,1,advanced,1,level_2,1,advanced
Speed_finals_Villars_2024_race002_poses,left,0.9967741935483873,0.0575312480954574,0.000260148218573,0.1714630482025105,0.0525205520529942,0.2825962617398035,0.0011586943953674,0.964218919479107,0.5590062111801243,0.0375513052626359,0.7377049180327869,0.0655279103467273,0.4905628938247666,0.5283087550778255,1.061258103644464,115.14592377512894,135.29053667846034,0.5839525706851296,4.384187178896781,57.02122745450507,0.5823127403103986,54.85295377490661,1.2759265495822183,0.10228871879387545,1,1,0,0,1,advanced,1,level_2,1,advanced
Speed_finals_Villars_2024_race002_poses,right,0.8387096774193549,0.0543386754309298,0.0002675766483755,0.3798111990723217,0.0537350123199521,0.2662146734577225,0.0008956217765808,0.8708589320234841,0.8,0.0369959138843433,0.8256880733944955,0.0455082757724818,0.5265736254680561,0.4239727410410692,-1.0794754152903183,135.24561810910978,132.28290946462047,0.5851758075472304,3.150589241113197,49.90595181110444,0.6244752853050883,57.02899514724572,1.132120004780202,0.06561101881538968,1,1,0,0,1,advanced,1,level_2,1,advanced
Speed_finals_Villars_2024_race003_poses,left,1.0,0.077320555599184,0.0002619625610016,0.1286807859703911,0.0539387258571909,0.3205098605751417,0.0014592094952801,0.9423493450194294,0.9036144578313252,0.0330558570043013,0.6870229007633588,0.051984027710741,0.4419848898532346,0.3095453128681013,0.0934602135537948,92.9157650562298,122.48673357251198,0.4742391291415452,4.666863591008689,62.19324030632684,0.5837332391470524,59.780187367057714,1.453657100622602,-0.6638393947719178,1,1,0,0,1,advanced,1,level_2,1,advanced
Speed_finals_Villars_2024_race003_poses,right,0.9755102040816328,0.0410757981327794,0.0002769805985275,0.4806710935601221,0.0505647051070197,0.2405432058079055,0.0005658407296453,0.9398564732693996,0.7142857142857143,0.0388196575031454,0.9917355371900828,0.0626073751033251,0.3736325629144915,0.3850562331792445,1.305196143356378,109.03452407236624,137.1496277293156,0.5577511409880184,4.621476381582299,56.46461182554511,0.6027101710007057,53.96969710409941,1.6205418526401192,-0.26075124680574274,1,1,0,0,1,advanced,1,level_2,1,advanced
Speed_finals_Villars_2024_race004_poses,left,0.8858267716535433,0.0736173287705808,0.00022215527919,2.447556924062965,0.0529829189235998,0.0410241525447256,-7.317292814453442e-05,0.9131176846667626,0.625,0.0730478759053597,1.5584415584415583,0.0756148346026978,0.7292943023659657,0.3647692388289101,1.4585825873127924,92.59668844709284,131.3650644513223,0.405324641413438,4.00965710731126,59.72763840137312,0.5605469192289843,54.46566425894115,0.8441086590629667,-0.2226948134782635,1,1,0,0,1,advanced,1,level_2,1,advanced
Speed_finals_Villars_2024_race004_poses,right,0.9960629921259844,0.0709826286797009,0.0002911496350558,0.3354434932470082,0.0578271865681721,0.3153943720354858,-0.0008339706589193,0.9443777596305551,1.1029411764705883,0.0580694576545274,0.5714285714285714,0.0837894148391519,0.8219801167222243,0.5607787955313801,0.8820549729518525,122.4549840573318,115.00709970452122,0.4889601528827461,4.3351644560567735,52.38254692771816,0.5779424437440919,65.26380919153193,1.10164917787879,0.22233784957333058,1,1,0,0,1,advanced,1,level_2,1,advanced
Speed_finals_Villars_2024_race005_poses,left,0.9316239316239316,0.104488384862552,0.0002062981162128,0.4638228426218428,0.0479453924591315,0.1133261627549965,0.0005032782043729,0.9240615371250144,0.6122448979591837,0.0778447929907131,1.0273972602739727,0.0955366911572798,0.5868951848661916,0.3835990457472142,-0.9174727005478556,121.40541560269352,148.34130887899792,0.6188536729593237,4.037407893352482,60.566388145846666,0.5808839996690479,46.74911329075879,1.3355116619256693,0.12095257797609134,1,1,0,0,1,advanced,1,level_2,1,advanced
Speed_finals_Villars_2024_race005_poses,right,0.8162393162393162,0.0422644994313647,0.0002122223499293,0.1665493430265918,0.0580418264062487,0.2215345799153092,-0.0013741222490747,0.8852029914529914,1.2727272727272727,0.0963964926150661,0.5714285714285714,0.1266392643011835,0.8493425792099042,0.4759639489410711,-1.1551752533739166,119.74394849614976,142.66560541346095,0.6090894342776519,3.882984299343763,58.50420782104848,0.5901252970409478,50.10003297555895,1.448050274142684,0.4930057162545547,1,1,0,0,1,advanced,1,level_2,1,advanced
Speed_finals_Villars_2024_race006_poses,left,1.0,0.0888935025733622,0.000201559107459,1.6569872517486302,0.0555213719713598,0.059292978786911,-0.000112664514255,0.9462607820369842,0.6217616580310881,0.0660057808310422,0.5405405405405406,0.1035417942734124,0.6222301291339398,0.4255115717756258,2.069899196886593,110.99875384825938,137.59950088522243,0.5189219425100442,5.695882841799065,59.00498894009216,0.5692857683306212,50.6670716144514,1.7729815210445847,0.015249587869885914,1,1,0,0,1,advanced,1,level_2,1,advanced
Speed_finals_Villars_2024_race006_poses,right,0.7708333333333334,0.0390641801696139,0.0001854855498974,0.1868716484434773,0.0587298006241906,0.2501064380796211,-0.0015505111817293,0.8625,0.5660377358490567,0.0923369977812896,1.4851485148514851,0.1320773523325516,0.8268258790371695,0.4221250016418421,-1.5881060398160458,119.52122229043786,129.6948740558338,0.5427108259316205,6.195462828717568,56.59024542606096,0.5883282701349465,55.47680060085631,1.521583860729434,0.19391114296346934,1,2,0,0,1,advanced,2,level_3,1,advanced
Speed_finals_Villars_2024_race007_poses,left,0.9184397163120568,0.1131066640417812,0.000143123147804,0.170665166031687,0.0558453607282788,0.1505179398131765,0.0011577197765729,0.9109399386394575,0.6040268456375839,0.1274037121039176,0.6870229007633588,0.1299657290599427,0.9135469378787686,0.4791141970037642,0.6211464782307261,99.93054605595545,129.29310735044908,0.4843449011565324,2.9869814681804705,59.92229325419356,0.5984213096893417,60.15929279788913,0.9670648822878196,0.15090378918602007,1,1,-1,0,1,advanced,1,level_2,1,advanced
Speed_finals_Villars_2024_race007_poses,right,0.9609929078014184,0.0950057686545601,0.0001987470056781,5.798226042354016,0.0563531683036637,0.1630591319431688,-6.0694401755052456e-05,0.9228091934650532,0.8823529411764706,0.0716462804057995,0.6,0.0973105347857708,0.7802296464902304,0.4190080577247638,-0.8202046710175304,109.38724136839096,120.9890512454548,0.53787256014021,4.320109972565975,53.83749854683259,0.5765846807154451,61.404139404067934,1.1742299416450752,0.07439574643395251,1,1,0,0,1,advanced,1,level_2,1,advanced
Speed_finals_Villars_2024_race008_poses,left,0.7828571428571428,0.031238334390613,3.535304737156646e-05,0.56867879470094,0.0611804491293417,0.0475262952816086,-0.0004899809983643,0.8409716037686908,1.0714285714285714,0.0853234787317101,1.4516129032258067,0.1330563030732716,0.5251128151975103,0.4270990982503063,16.054927868190735,103.19569192696592,120.4842097997738,0.5156196932449301,82.47030372675651,55.025145861427504,0.5488015103104693,61.47010954101608,1.1812047367597658,-0.7360241219259517,0,3,-1,1,0,beginner,0,level_1,0,beginner
Speed_finals_Villars_2024_race009_poses,left,0.9970326409495548,0.0828995149540882,0.0002499697004411,0.1283337883969077,0.0525355403287257,0.4148201020584007,0.0022772918894605,0.9508239043259008,0.5660377358490567,0.047669260295005,0.6766917293233082,0.06342980725685,0.8111614108636124,0.4654273608479993,-0.9195615166087056,107.56610089305416,114.23538806537898,0.5519042183787963,4.969317895374735,59.59222868716345,0.6274235132687831,63.79653000323712,1.2061081940838094,0.04124299148278452,1,1,0,0,1,advanced,1,level_2,1,advanced
Speed_finals_Villars_2024_race009_poses,right,0.9940652818991098,0.0334377110057621,0.0001683173105799,3.253199017202587,0.0517755945389745,0.1753469276293951,-9.758555027375738e-05,0.9431780681785474,0.5421686746987951,0.0719815873795611,0.8823529411764706,0.0669250040990509,0.5481112894667926,0.4943493767589264,11.233329333333993,117.57681026641654,119.46621202464128,0.784923887128033,47.33604081786352,53.733039049989806,0.6166444245309775,60.51012410496251,21.429031068045923,0.06389089685548584,0,3,-1,1,0,beginner,0,level_1,0,beginner
Speed_finals_Villars_2024_race010_poses,left,0.9697986577181208,0.0394703567328277,0.0001680604524018,0.2456619924839317,0.049950921056466,0.1985823770005239,0.0009881424439417,0.9327713275895276,1.3636363636363638,0.0525034227306985,0.6569343065693432,0.076071527117409,0.4290283606582318,0.3382799369592131,-1.1864150889714344,107.90346088266811,113.59878043297508,0.5232465196339182,49.96074792647308,60.02114668476968,0.609311342167167,64.27109187459703,1.06931288707334,-0.90625009571194,1,2,-1,0,1,advanced,2,level_3,1,advanced
Speed_finals_Villars_2024_race010_poses,right,1.0,0.0569276600816596,0.0002700301637196,0.2858302879694648,0.0496362003134399,0.3528038718104271,0.0013067892619541,0.9440459679217104,1.8131868131868127,0.0422433028376619,1.4201183431952664,0.043231334661852,0.5388586966541475,0.4153719789759843,-3.991881368409644,129.41532603242948,126.83157726204354,0.672911288577852,5.140899435002183,55.10222681083694,0.6370377667936215,58.12300687754206,1.4382841838283715,0.06066057010879283,1,1,0,0,1,advanced,1,level_2,1,advanced
Speed_finals_Villars_2024_race011_poses,left,0.942528735632184,0.0477551836942763,0.0002604241174072,0.2117377216865919,0.0511325219909545,0.353863111350725,0.0014152707032908,0.9241824429331728,0.9803921568627452,0.0362624346687101,1.5441176470588234,0.0480211298550447,0.3598639609042565,0.3478598881653271,-2.1511322082739723,101.61435788758772,114.13435023243191,0.5600713180167369,4.971432827106387,60.152432278096384,0.6064615112361337,57.62378778506875,1.5222937098260396,-0.478455418834046,1,1,0,0,1,advanced,1,level_2,1,advanced
Speed_finals_Villars_2024_race011_poses,right,0.9971264367816092,0.0904442222213546,0.0003231242349925,0.4278504849654823,0.0555534343165696,0.3474715645180651,0.000834675903978,0.9478944668352354,0.6206896551724139,0.0366896876937028,1.1811023622047243,0.0491715088994517,0.3941381188951912,0.3452145008259285,-4.054886687119211,119.04214183120096,129.15178142762537,0.5554854614236445,4.577691283686492,54.76993065492746,0.6013700028534051,56.160533331021725,1.2631188204081938,-0.3219087390887229,1,1,0,0,1,advanced,1,level_2,1,advanced
Speed_finals_Villars_2024_race012_poses,left,0.9728813559322034,0.0596672856374746,0.0002809098161205,0.1957881988742655,0.0540737634756659,0.4522956706041422,0.0016582621675398,0.9299842516972056,1.0416666666666667,0.0345762035406748,1.1811023622047243,0.0436351156334517,0.6453880564237611,0.2744673439205332,-1.981023797252138,125.10606758207452,125.91582658376063,0.6168588822524586,4.491596105431212,54.27786933772709,0.5980565461155957,64.54666854107138,1.127052763167445,-0.2565429282754193,1,1,-1,0,1,advanced,1,level_2,1,advanced
Speed_finals_Villars_2024_race012_poses,right,0.9694915254237289,0.0596817300068328,0.0003429762037038,0.8057879017530699,0.0558979048724363,0.3315993645568044,0.0004158564608731,0.9259207954572704,1.0791366906474822,0.041584073669114,0.5128205128205129,0.052366680096287,0.4473717100297082,0.4198570170382016,-3.4398342597727884,118.04186122719872,126.96206258550276,0.5808900062327693,4.087310707805639,58.44681342917462,0.6207345791904454,60.78557173673544,1.266767283544883,-0.27033091251063296,1,1,0,0,1,advanced,1,level_2,1,advanced
Speed_finals_Villars_2024_race013_poses,left,0.98015873015873,0.0509525415259255,0.0002710400937455,0.4887535625669686,0.054566103705876,0.2862919933057535,0.0009217719163964,0.9313530775025202,0.6617647058823529,0.0346211273709569,0.5504587155963303,0.0575012884755215,0.5120241805245267,0.377885973417694,-1.4316262804153,118.13546565659377,133.19134264474832,0.5779275872660801,4.500963574920269,53.80414425616649,0.647678786716196,55.08808598916527,1.1536103211767537,-0.07543668242258998,1,1,0,0,1,advanced,1,level_2,1,advanced
Speed_finals_Villars_2024_race013_poses,right,0.9682539682539684,0.0493494286584815,0.0002175090220886,0.3526832928442029,0.0549235374588645,0.2038423218451499,0.0006744276328259,0.9388612749447984,0.5421686746987951,0.0424536998993792,0.5555555555555556,0.0777658556069288,0.5889832160090452,0.4288962522998204,1.0299538905635888,107.05339157171258,131.62071076387818,0.5130308256223945,4.555894525467971,58.81442905110815,0.5827859546480244,57.4768880857152,1.2613224385501054,-0.1523008191500003,1,1,0,0,1,advanced,1,level_2,1,advanced
Speed_finals_Villars_2024_race014_poses,left,0.7051792828685259,0.0254162265009463,0.0001018506634011,0.3959521308623616,0.0538222342590726,0.1859088513793985,-0.0009532899825603,0.8227366727631229,0.5844155844155845,0.092382689334075,0.7563025210084033,0.1202754280377366,0.8600642288479244,0.5737620906818492,-2.334955131480499,122.55265879975263,113.11170847000923,0.5807107907830669,3.290604542267217,58.41002553349122,0.6273273271902073,66.6678532871395,1.1828634142292531,0.2824761262575433,1,1,0,0,1,advanced,1,level_2,1,advanced
Speed_finals_Villars_2024_race014_poses,right,0.9163346613545816,0.0409624331835389,0.0001408537883085,0.3620151454706688,0.053257444084743,0.2077678985423526,0.0009645980075408,0.9087249858877288,0.819672131147541,0.0670799952608937,0.5263157894736842,0.1051976732263679,0.6096735252257115,0.5118610788472837,-7.183483453003932,114.92368551022972,133.7163231047672,0.5304125541983303,34.59401866442282,59.96531819112516,0.5764960909005323,54.18404824830196,1.071396951184628,-0.11915692613681933,1,2,0,0,1,advanced,2,level_3,1,advanced
Speed_finals_Villars_2024_race015_poses,left,0.8996763754045307,0.0971799936121718,0.0002274200707136,0.245756251879757,0.0546213247915538,0.3080115123581434,0.0013902537434934,0.8974169723288736,0.5421686746987951,0.0532285049745873,0.7894736842105263,0.0589955802722203,0.4805517461272973,0.5649408563591721,-1.723453784433631,115.27314135427606,140.75303219507333,0.5209654177954536,3.980107089648847,63.46476912887079,0.593203005535979,54.313041579355314,1.1134870268548889,-0.04618237146038325,1,1,0,0,1,advanced,1,level_2,1,advanced
Speed_finals_Villars_2024_race015_poses,right,0.9676375404530744,0.0240183241293005,4.945283449765608e-05,0.1013526664347301,0.0523674948474828,0.2559724353523084,-0.0037473989650607,0.9326779215252872,0.7258064516129034,0.1646987075107631,0.5042016806722689,0.1335930004838335,0.7111402923935457,0.5753945845978593,0.8658374810350461,144.81774973692683,132.5053422513312,0.6449819905802482,8.348136693650483,40.05494916188705,0.6201627855427696,60.56535981599236,1.501731666923109,0.6622717101304882,1,2,-1,0,1,advanced,2,level_3,1,advanced
Speed_finals_Villars_2024_race016_poses,right,0.9921875,0.0513261928804273,0.0002429523813576,0.1898119178873367,0.0544473509787539,0.3436299438216336,0.0013697896942947,0.9489186622216108,0.7272727272727273,0.0504797659493721,0.7563025210084033,0.0631705647266759,0.5321883066994854,0.3341567966606995,1.9751014432276688,109.00288487421612,138.2922814606854,0.5400626344476563,7.0972846350708645,58.56075379568827,0.5683775823279215,56.94814675888856,1.3062042574792896,-0.32531371399533254,1,1,0,0,1,advanced,1,level_2,1,advanced
Speed_finals_Villars_2024_race017_poses,left,1.0,0.0737969569278028,0.0002923912182477,0.2265152631377488,0.0529997197625564,0.310740069978869,0.0012780487348761,0.9480190803373654,0.569620253164557,0.0441869025144807,0.6716417910447762,0.0541194935934377,0.4039714768547044,0.4075820792872424,-1.071185530384863,111.78960449533504,114.159586267835,0.5685420908030483,4.179383057966928,58.59611936332869,0.6170950046683578,62.23391877047314,1.2421799608321062,-0.38595866560314135,1,1,0,0,1,advanced,1,level_2,1,advanced
Speed_finals_Villars_2024_race017_poses,right,0.9965870307167236,0.1051369097984772,0.0002521445298369,0.2836055979414562,0.0499857121538208,0.2933840948934201,0.0010295905076064,0.9354922071055524,1.3636363636363638,0.035529140799209,1.094890510948905,0.0509442411298771,0.4430724033350795,0.4740296723867141,-2.2342709687051374,114.04273731270024,117.92810210821386,0.5590859940188116,3.687509674921314,57.26040157587754,0.6184287787147599,63.12858371840809,1.238062245620268,-0.24266268759648293,1,1,0,0,1,advanced,1,level_2,1,advanced
Speed_finals_Villars_2024_race018_poses,left,0.9366666666666666,0.0303946109229433,1.962637409217073e-05,2.55011446721821,0.0619720265224617,0.0193473011779623,0.0001380820732332,0.9112064518378392,0.5357142857142857,0.1144787821497888,0.6081081081081081,0.0569901955600377,0.6721461515759778,0.4458631872572711,2.1803688265433885,108.40518133373632,119.40454946538216,0.6285073475154991,30.32782273689666,59.18013518301837,0.6524310079539434,57.540447449998375,1.6521429710805178,-0.046777979429133865,1,2,-1,0,1,advanced,2,level_3,1,advanced
Speed_finals_Villars_2024_race018_poses,right,0.95,0.1135528033972683,0.0002661625635099,0.5123742298387193,0.0564379074078497,0.2544033245270387,0.0005273775142781,0.9174843866394774,0.8823529411764706,0.0504732914676057,0.5217391304347826,0.0688647818722241,0.4289229152885864,0.4884408289415577,-2.797735268208026,117.97142971531288,129.31948978885356,0.6014386193063728,4.0267102330433175,51.53496667980057,0.6046803249565436,60.17977794569551,1.239012957248694,-0.006290079756012516,1,1,0,0,1,advanced,1,level_2,1,advanced
Speed_finals_Villars_2024_race019_poses,left,0.9435736677115988,0.049182218786183,5.914952467307502e-05,0.0843352786670895,0.0536436954908458,0.2155095978903108,0.0032243337257798,0.9180053207933248,0.7377049180327869,0.0357975620357519,0.5,0.075966672223842,0.3864748831394949,0.299852467661566,-0.4313865361958185,88.92944764360043,124.69999508778696,0.4690388259724628,3.890898560160061,61.144238309161466,0.6584926798568611,60.22971140325391,1.0929554562899528,-0.7284638694337522,1,1,0,0,1,advanced,1,level_2,1,advanced
Speed_finals_Villars_2024_race019_poses,right,0.974921630094044,0.0483743612701664,0.0002219160175352,1.2540678300177903,0.0563426178437766,0.1653324247416132,0.0002011788403329,0.9430008421972002,0.5521472392638036,0.0720300967125314,0.8490566037735849,0.0778053005070778,0.7436115242805549,0.4910690334590366,-0.2407394674266653,111.12258687765232,130.7649361620118,0.4576290614729389,4.283346020162599,60.52588757695514,0.568620646553863,57.19139168122573,1.103643976303846,0.0006827021998796109,1,1,0,0,1,advanced,1,level_2,1,advanced
Speed_finals_Villars_2024_race020_poses,left,0.9873737373737372,0.0624443631966858,0.0002501646976308,5.095404016740024,0.0519449606452877,0.1674663938570036,6.735812193192776e-05,0.9483385020040264,0.5660377358490567,0.0481158148199338,0.5555555555555556,0.0558439120752427,0.3552918824663369,0.4165686715970271,-2.1763430004581044,119.53556075927638,144.34665414156677,0.5564556715993436,3.489000246791269,64.20558460422349,0.6101887012298756,48.83364669080656,1.2857789506919135,-0.2593397517688148,1,1,0,0,1,advanced,1,level_2,1,advanced
Speed_finals_Villars_2024_race021_poses,left,0.9737609329446064,0.0386171389626041,0.000214914896015,0.4718725291656934,0.0504457135841559,0.1501372266084285,0.0004647784620706,0.9359184972582172,0.5555555555555556,0.0449836161880257,1.2162162162162162,0.0737479288514519,0.3934306973041829,0.4029383668137236,4.157156264561168,111.94534224980704,106.36995996343836,0.514143045378462,37.46611404153845,55.82050268565191,0.612772269463541,63.19111598929602,2.010359256164088,-0.6689643712639938,1,2,0,0,1,advanced,2,level_3,1,advanced
Speed_finals_Villars_2024_race022_poses,right,0.9248366013071896,0.0728479750088363,0.0002349766282827,3.472405569924496,0.0558313850847607,0.0287370170143765,-6.722272878669831e-05,0.9237498524295494,0.5421686746987951,0.0979256250828638,0.6206896551724139,0.120648947304885,0.8765636054234061,0.6312407586776554,3.9129503032128015,115.5226895488172,124.9617122131584,0.6154900492817491,8.352922609845722,57.21893289085083,0.616937587772758,50.0342832940519,1.130796564220153,0.7787154196888091,1,2,0,0,1,advanced,2,level_3,1,advanced
Speed_finals_Villars_2024_race023_poses,left,0.9288888888888888,0.0741527754877364,0.0002933650607387,0.2231259929331076,0.053154313386976,0.2423547969896385,0.0011361894837344,0.917012191830698,0.5421686746987951,0.0456566008053345,0.6474820143884893,0.0623584170163339,0.625606967187328,0.5197085863536315,-0.8407224073550548,106.70670646554602,120.11343439940408,0.5393553405995886,4.189560410655043,61.006550165203066,0.6139818378876499,58.325722062294886,1.1687902527362046,0.01529195797640287,1,1,0,0,1,advanced,1,level_2,1,advanced
Speed_finals_Villars_2024_race023_poses,right,0.9711111111111111,0.0258936898441066,2.009074978761965e-05,0.1534221711773977,0.0621232235161907,0.5464477107185393,0.0125471953524659,0.9154145643595862,0.6521739130434783,0.0769940018803029,0.6338028169014085,0.1914258360050565,0.7197982800988735,0.4254628310828662,-8.40175750677972,124.90463444442022,107.05204393439163,0.6192586729468379,7.158272013677867,47.82196293044517,0.4705499616610028,62.29475271195016,1.0513454380231035,0.2173033124158704,1,4,-1,0,1,advanced,3,level_4,1,advanced
Speed_finals_Villars_2024_race024_poses,left,0.9061224489795918,0.037310478822138,4.166442514293723e-05,0.2201157735484391,0.0586769821961281,0.158493687408451,-0.0021022378913755,0.8963775995435946,0.7627118644067796,0.0778740259555934,0.5405405405405406,0.1606232086883406,0.8961557363769144,0.4562290666065712,-0.8603676581533358,124.22735947718876,138.05698420317506,0.6271501115247308,4.975735258284437,52.41010759469743,0.670243687167138,53.26530316459131,1.2799753804838652,0.5749533080031136,1,2,-1,0,1,advanced,2,level_3,1,advanced
Speed_finals_Villars_2024_race024_poses,right,1.0,0.0948105102793871,0.0001913273022314,0.3188766909848122,0.0493971066108702,0.1317118992209168,-0.000677544439193,0.939539824686488,0.594059405940594,0.0823248912599569,1.2857142857142856,0.0912309012234121,0.7273251343720445,0.3169576624337583,-0.5248651005629581,114.33665234309764,148.06480942158527,0.561448756842055,3.4715572276823665,61.07077160934711,0.5684615246175782,46.59972159401036,1.4530632921541735,0.06850308836475573,1,1,0,0,1,advanced,1,level_2,1,advanced
Speed_finals_Zilina_2025_race001_poses,left,0.7909090909090909,0.0222089890131343,5.000932244304744e-05,0.3737375512655955,0.0412615772988724,0.0701221904511379,-0.0006419676829149,0.8411661052914604,0.7936507936507936,0.1125559495674103,0.5084745762711864,0.1590185687916895,0.832965390113255,0.6924936443471883,-2.9653001756053445,125.52122924365936,102.6672345605422,0.6511034204648826,5.611584341159469,53.22486657211861,0.6436790483377288,61.64781167292225,1.2463504490171071,0.7366359726198436,1,2,-1,0,1,advanced,2,level_3,1,advanced
Speed_finals_Zilina_2025_race002_poses,left,0.7543859649122807,0.1215664724160331,0.0002249778478905,5.6149757209492765,0.0553326922624008,0.1409752206448653,-5.215236560050688e-05,0.8235701160274885,1.709844559585492,0.0470689440452475,1.0909090909090908,0.0620284103971576,0.3333338308398261,0.3809500465490593,-0.8231315004527953,123.82278480971168,109.62891827108209,0.5840635643099771,4.655867372957786,52.76970177100774,0.6064402949024802,63.03636907435583,1.2132834324280626,-0.3900679829091527,1,1,0,0,1,advanced,1,level_2,1,advanced
Speed_finals_Zilina_2025_race007_poses,left,0.8037037037037037,0.0349216543541691,0.000194514103626,9.0781565121045,0.054125214157657,0.1986618971585227,-4.527606498235944e-05,0.8467423464944043,0.5172413793103449,0.0366018982993239,1.346153846153846,0.0628898356022136,0.4272679546829815,0.3636045903403787,-1.977733854693977,122.14453398548363,112.64370989649252,0.6246980178122049,5.209388646581569,52.59467559799858,0.6273179372239941,61.2323648079235,1.3080582697576018,-0.22616658785576418,1,1,0,0,1,advanced,1,level_2,1,advanced
Speed_finals_Zilina_2025_race008_poses,right,0.7873015873015873,0.1185361488304697,0.0001841521713136,0.1710768649197261,0.0559371434553804,0.2451555055736596,0.001526052207616,0.8449388155493572,1.0404624277456649,0.0551143350890756,1.1180124223602486,0.0683811254575607,0.358437689527359,0.3959956272309779,-2.0998750957302774,126.75091762422348,116.07137197110484,0.6420701891916488,2.2906012167560434,54.83600770495839,0.5909788935426216,67.08501075419632,1.0999025176742718,-0.3621864153351229,1,1,0,0,1,advanced,1,level_2,1,advanced
Speed_finals_Zilina_2025_race011_poses,left,0.753030303030303,0.0195449037624049,0.0001454439894228,0.1156003990951721,0.0545101160081164,0.2163280387089506,-0.0017576537648653,0.8435984848484848,0.5529953917050692,0.0917780952899339,0.6349206349206349,0.1588904691463507,0.424403213490864,0.4551026051550945,5.502380515858224,113.01142792824344,135.60059950151475,0.6334744085546412,60.45248819593805,58.351818584294456,0.5422230202536092,53.2375000641157,1.4398586040321295,-0.3672739534358385,0,2,-1,1,0,beginner,2,level_3,0,beginner
Speed_finals_Zilina_2025_race014_poses,left,0.7191666666666666,0.0324085840179989,5.015173995185087e-05,0.0440428675570267,0.0621508721129327,0.5025381822250611,-0.0087176407828475,0.8003562381654256,1.4117647058823528,0.2028965531958265,1.1650485436893203,0.1612687412532182,0.3647398214587982,0.4493049639722373,-17.465903726432106,113.03442911149644,127.96629938564932,0.6084669043358276,54.513171773092594,66.64453856065377,0.5492941441526081,57.72338595980099,1.1524066677572211,-0.6823028346558822,0,2,-1,1,0,beginner,2,level_3,0,beginner
Speed_finals_Zilina_2025_race016_poses,left,0.7136363636363636,0.0691597261594448,0.0001988688010317,0.1747085427477837,0.05484282930574,0.2539751831262147,-0.0017982913428042,0.8146668604497647,0.5454545454545454,0.0470591804782906,1.168831168831169,0.0616593792945584,0.4886243636528208,0.3981485401541211,-1.074321564414315,128.87821029825577,104.10326856745309,0.6920838421805444,3.8541033824640105,52.24169011294933,0.5858398388520191,63.886190772836656,1.1251998420094118,-0.04872560664775712,1,1,0,0,1,advanced,1,level_2,1,advanced
Speed_finals_Zilina_2025_race018_poses,left,0.7517543859649123,0.0553278287318948,1.1089742099631308e-05,1.780039411083726,0.0536628273355707,0.0340179966255642,-0.0012817088762919,0.806362870515949,2.0,0.2015585641146833,0.7058823529411764,0.1464283135668004,0.4371163512437077,0.3591970494457785,29.6746149252297,111.5174387677012,168.0991502466239,0.5358074170572925,139.59574005257298,52.132541508180985,0.5649031181148878,18.341174520591053,1.2246620943381945,-0.32750177625474564,0,3,-1,1,0,beginner,0,level_1,0,beginner
Speed_finals_Zilina_2025_race019_poses,left,0.7613636363636364,0.0227335284846912,4.8728076023881856e-05,0.5171793366108832,0.0560453110204866,0.1211857307216184,0.0010639127320463,0.8257284847548374,0.6976744186046512,0.1723170829904828,1.3157894736842104,0.1368294539704648,0.532279359047375,0.4005288018060389,-5.4330961232450745,118.07633060404837,95.04246757403332,0.5399040981157678,6.608116219168409,56.6447248542528,0.6206786606934382,65.0614610848689,1.084336877472531,-0.34750248852687843,1,2,-1,1,1,advanced,2,level_3,0,beginner
Speed_finals_Zilina_2025_race020_poses,left,0.7092592592592593,0.0513526326945732,9.31057472676366e-05,0.1516319117394398,0.0495666942599541,0.1358798240934012,-0.001389883052219,0.8317129629629629,0.5454545454545454,0.1203359277650599,0.5660377358490567,0.0975464659425937,0.6601807830703403,0.3827341941919524,32.65763133110392,105.2363922957862,123.97864874506486,0.6403638502730141,88.08319790612055,61.470289175190096,0.5730429790788576,54.46435091608106,2.6995424433131863,-0.4984920145643139,0,3,-1,1,0,beginner,0,level_1,0,beginner
Speed_finals_Zilina_2025_race027_poses,left,0.755,0.0622631614352542,0.0001124383482038,0.0967240873428891,0.0569048156563712,0.3133716824083692,-0.0032470146975209,0.830652702476067,1.171875,0.0911755453078847,0.5128205128205129,0.0918816810060786,0.7227547459588021,0.4103243648010174,1.771799365810084,114.21188817529932,117.699518783722,0.555764391192836,4.451154631086255,61.47252681398043,0.6143140125966674,64.54056598904576,0.9846683185885386,-0.1794790867102658,1,1,0,0,1,advanced,1,level_2,1,advanced
Speed_finals_Zilina_2025_race031_poses,right,0.6807017543859649,0.0747554198112319,0.0001895951417246,5.056268955744136,0.0528583380554107,0.0830106774941092,-4.137713800777089e-05,0.8063503839837866,0.5172413793103449,0.055917783994428,1.2000000000000002,0.0671765834060336,0.4801221493330185,0.3510044868585434,-2.2037599833116723,117.89321443558067,111.13179127989171,0.5543265504144153,3.2561762401988084,54.209284500900175,0.6223146138559251,64.04906113630004,1.0004968162695898,-0.37189644512855735,1,1,0,0,1,advanced,1,level_2,1,advanced
Speed_finals_Zilina_2025_race032_poses,left,0.7988505747126436,0.0275234785269879,2.609472460775079e-05,0.275632820962467,0.0616853536256899,0.0954496082692564,0.0014635885095262,0.819336163939528,0.7142857142857142,0.0591090332187882,1.188118811881188,0.0903553380539824,0.2809389971743215,0.1836102286377509,-3.3261027528003027,128.0596574635792,171.4218185248844,0.6514215865637738,2.730685023395465,65.20997351596223,0.4437504230881716,17.339369962513885,0.9276800552622952,0.06658609255508956,1,1,-1,0,1,advanced,1,level_2,1,advanced
Speed_finals_Zilina_2025_race033_poses,left,0.7555555555555555,0.1322339626630652,0.0002016081818906,0.2773770138175763,0.0492882371660467,0.1719811785930587,0.000925175935389,0.8137605960967063,0.5590062111801243,0.0402717782676359,0.6081081081081081,0.0613751905168729,0.7246376619855865,0.4346448619447306,-1.671400203550901,115.60148105258362,116.60494996670543,0.5715337376022692,4.7145426423739005,54.62353877005958,0.60923427863657,61.10542498731377,1.2539741325205005,0.08177051983211175,1,1,0,0,1,advanced,1,level_2,1,advanced
Speed_finals_Zilina_2025_race034_poses,right,0.7869565217391304,0.0706442432278608,0.0001394465120749,0.0891559543387665,0.0579352707804231,0.3053747039452744,-0.0029567952307177,0.8543048364923953,0.8,0.0966392892633202,0.6000000000000001,0.1170075472361204,0.9602075101672294,0.6787273377155116,-2.3127762437563257,111.7762520990035,138.68417789361257,0.6039880161375851,5.010394776565119,55.849485852016464,0.5465790081389053,44.89913538646396,0.9928176248517724,1.0779691478321756,1,2,-1,0,1,advanced,2,level_3,1,advanced
Speed_finals_Zilina_2025_race042_poses,left,0.804,0.0962295952426836,0.0001093558499147,0.0927507337771583,0.0606888593610089,0.2667172819802249,-0.0018024936554923,0.8376897819984298,0.8633093525179857,0.1124792960563396,1.161290322580645,0.0784381196053121,0.4125262205592329,0.4600979020953161,5.9949196534307685,140.2508113409248,165.78721554260616,0.7980433354296727,1.746245282285014,21.742580418135496,0.6836799856576349,18.34657757894077,1.0211815113210727,1.6560126530345405,1,0,-1,0,1,advanced,4,level_5,1,advanced
Speed_finals_Zilina_2025_race045_poses,left,0.8188888888888889,0.0469337623563713,3.673734426733504e-05,0.1210283898245765,0.0453349126458952,0.3908495569765091,-0.0066115798986261,0.842685947579881,0.7142857142857142,0.1672791174338624,1.8461538461538465,0.0910649781587251,0.5895503759842868,0.1356009871790938,18.336775343396223,97.28993879215,109.493813211209,0.6732937136821701,82.22030091063512,41.00053680214058,0.5131478003968891,61.57995657263329,3.972556670488367,-0.6543511807507807,0,3,-1,1,0,beginner,0,level_1,0,beginner
Speed_finals_Zilina_2025_race047_poses,left,0.7846846846846847,0.0525093334396946,6.663025031960184e-05,0.1088105043019368,0.0482806818865453,0.2728506830986738,-0.0034644551163802,0.8416546408759532,0.5357142857142857,0.144489657456672,0.6081081081081081,0.1261992458290156,0.5323566154420769,0.3208062892039152,-60.47210712739377,112.49957888408308,157.2816804244295,1.5071931803644092,75.34288499142713,65.38136472844938,0.5856648506437482,18.616159355582518,7.782691836757331,1.2970989608452324,0,0,-1,0,0,beginner,4,level_5,1,advanced
Speed_finals_Zilina_2025_race047_poses,right,0.7801801801801802,0.1494445276013232,0.0002183258376919,0.4799724117252978,0.0593114465819509,0.1673189337040771,-0.0006282016121107,0.8313153258865843,1.0434782608695652,0.03644347861294,1.702127659574468,0.1317409863316931,0.4049534908656242,0.4090175626030649,0.491431140334698,106.94603394410882,113.1480409873807,0.5760759623667131,3.5534945103307085,59.05385337336742,0.5347483763073713,61.2605897229305,1.115318968104429,-0.35575848461637793,1,1,-1,0,1,advanced,1,level_2,1,advanced
Speed_finals_Zilina_2025_race049_poses,left,0.765079365079365,0.0402128959672443,3.38279764177982e-05,0.3837737411708476,0.0573148164848911,0.148085260828323,-0.0017573997682454,0.8257612872058444,1.2244897959183672,0.116174095939674,0.5625,0.1306807705867284,0.4260603907068555,0.5091809403065923,6.729749264725761,123.52559636746685,120.47781511499308,0.6873793805137443,36.0104826602442,49.12055559532665,0.4883110296410177,61.25475889768814,2.3147065136971583,-0.03520680055335288,1,4,-1,1,1,advanced,3,level_4,0,beginner
Speed_finals_Zilina_2025_race058_poses,left,0.7984126984126985,0.1635211694678449,0.000221811104142,0.1252901099332022,0.0572724261930066,0.2689669725279446,-0.0015289169900557,0.8229929127637827,0.5921052631578947,0.0605369545284011,0.8108108108108107,0.1498579872377327,0.8515642170304892,0.5554189573551609,-1.4211129267119844,131.4943597836751,111.46401720504387,0.6387316529993907,4.574408221384152,52.74847593171998,0.4161360153534725,67.3450490360897,1.0626199463048558,0.41154259927626996,1,4,-1,0,1,advanced,3,level_4,1,advanced
Speed_finals_Zilina_2025_race064_poses,left,0.7440476190476191,0.0407261395156978,0.0001022673403235,0.0994837095212799,0.0496278174946193,0.2751952639620491,-0.0022769290280629,0.8324437389454918,0.5660377358490567,0.074786419128929,0.5844155844155845,0.1281099025614961,0.3915660062300572,0.3674437446804933,32.33100937663494,114.4627578808464,138.16429009049585,0.7720921523882545,74.61235724608622,58.830239437663145,0.5939483163485476,48.70230661968607,6.9901392134764615,-0.34675819630555726,0,3,-1,1,0,beginner,0,level_1,0,beginner
Speed_finals_Zilina_2025_race068_poses,left,0.8175438596491228,0.061532320401168,9.709401940250776e-05,0.1332011703643882,0.0517811356333145,0.2189476845007053,-0.0019498560825983,0.8606072794450297,1.2396694214876034,0.0841875695135818,0.6122448979591836,0.1286291660366803,0.2923515071314216,0.4804449257862326,9.640116416132518,127.92375493925978,85.59743135274458,0.6654646612371118,37.038566840534266,51.58396107569035,0.6102097446102219,65.56836724525415,1.4459277877854055,-0.39192143979478516,1,4,-1,0,1,advanced,3,level_4,1,advanced
Speed_finals_Zilina_2025_race068_poses,right,0.775438596491228,0.1237776744298753,0.0001884445610194,2.7041517661943115,0.0501168603096782,0.0638732086903266,7.330280503416373e-05,0.8508142139641941,0.5882352941176472,0.048523556486029,0.625,0.0802846077227127,0.6066081630754199,0.4244842023483199,-2.17871390928584,114.8168290812692,108.23531858457292,0.5648153911688127,3.602344913726153,55.85188071832678,0.5926300032671672,63.18108144453611,1.0809299013199245,-0.12318001105593512,1,1,0,0,1,advanced,1,level_2,1,advanced
Speed_finals_Zilina_2025_race069_poses,left,0.8985507246376812,0.049283486548767,3.422290524171029e-05,0.3199182105891815,0.0455231847576767,0.0596781936084403,0.0011541903975175,0.873737534264224,0.9448818897637796,0.189117175751507,1.60427807486631,0.1086648053534983,0.3568141925524898,0.33213149043193,-6.840320735148414,103.064457693946,134.59014593776928,0.5404987152774688,41.92680201101713,41.60205570899655,0.6901281046958516,55.80134306706754,1.4461667860003904,-0.3945159426816404,1,2,-1,1,1,advanced,2,level_3,0,beginner
